attendance,prev_gpa,study_hours,assignments_completed,sleep_hours,extracurriculars,prev_exam_score,performance
82.6,8.7,3.8,81.9,6.4,3,75.4,2
62.4,8.03,3.4,59.9,6.9,2,75.3,1
89.3,9.56,4.8,81.8,5.3,2,88.7,2
92.1,5.34,4.4,59.4,5.1,0,53.0,0
48.7,6.88,0.0,100.0,7.0,1,76.4,0
58.5,6.64,4.3,100.0,5.9,0,54.0,0
79.9,4.83,2.0,88.7,5.1,1,65.3,0
73.3,8.47,1.4,68.6,8.0,1,79.8,2
77.7,6.88,3.2,34.4,6.0,2,71.1,0
65.2,8.09,4.1,49.7,8.2,2,77.8,1
91.2,10.0,1.0,100.0,6.8,2,79.2,2
89.7,6.78,4.6,61.5,7.2,1,57.1,1
79.0,6.69,4.6,73.3,6.5,3,60.7,0
94.9,7.34,3.6,91.8,3.6,0,78.4,2
85.0,8.38,2.2,100.0,5.4,1,68.2,1
65.1,6.52,2.0,76.4,6.6,4,56.6,0
83.5,6.44,5.0,72.7,7.2,0,64.1,0
63.6,8.47,1.2,81.3,4.7,2,83.8,1
91.2,7.65,5.1,68.7,6.7,0,76.6,2
77.3,4.75,3.3,69.7,5.5,1,40.5,0
75.2,5.73,3.4,87.4,7.1,1,43.9,0
67.8,9.0,0.9,83.3,6.8,1,88.8,2
96.3,7.68,3.3,100.0,7.7,2,84.8,2
75.7,6.29,4.4,87.9,8.1,5,58.7,0
71.6,7.0,1.5,100.0,7.4,1,58.3,0
72.7,7.22,4.2,60.7,7.8,3,65.9,1
86.0,8.08,3.6,89.5,6.4,2,79.9,2
83.5,5.57,2.5,67.0,10.0,2,53.5,0
84.2,6.19,4.8,87.1,5.3,2,71.9,1
84.5,7.53,0.2,92.4,6.2,1,79.4,1
100.0,7.08,4.0,80.9,7.9,1,69.7,2
71.9,7.89,5.9,100.0,7.7,0,59.4,2
70.3,5.72,5.7,100.0,7.4,3,51.1,2
65.8,7.63,4.1,100.0,7.6,2,68.5,2
87.2,8.51,3.0,93.8,4.3,1,74.4,2
94.9,7.78,2.5,100.0,8.7,1,75.7,2
76.3,7.37,3.0,54.1,6.6,1,72.3,1
65.4,7.08,4.3,100.0,8.3,0,54.8,1
65.6,6.2,2.3,62.2,4.4,0,67.1,0
87.8,7.11,4.6,69.8,7.1,0,68.6,1
89.1,8.71,6.7,90.1,6.1,3,84.9,2
86.1,7.06,3.4,100.0,7.5,1,73.9,2
68.0,6.13,1.5,59.2,7.2,1,54.0,0
81.5,6.61,1.5,70.8,7.2,1,74.3,0
79.8,7.44,4.7,81.8,5.5,0,70.1,1
81.3,6.75,3.4,76.6,6.7,1,77.5,1
91.1,7.78,4.8,95.4,6.6,0,67.0,2
81.4,7.83,2.7,100.0,7.4,1,86.0,2
88.2,8.27,4.7,87.5,8.0,1,71.0,2
79.0,8.91,3.3,66.8,7.0,2,100.0,2
82.3,8.4,2.4,56.7,5.3,2,71.7,1
87.5,6.08,2.9,74.1,6.9,2,68.1,1
56.1,6.12,1.7,63.1,9.9,1,57.1,0
73.2,7.11,6.5,88.4,8.8,4,74.1,1
70.9,6.66,3.4,88.1,3.2,3,64.3,1
68.4,5.83,4.5,71.7,6.9,1,48.9,0
73.9,6.67,2.7,100.0,7.9,3,42.3,1
100.0,6.63,1.9,66.8,6.6,1,84.4,1
65.0,6.39,3.1,77.9,6.2,1,62.9,0
92.5,6.82,5.2,91.5,6.5,1,42.4,1
52.8,8.61,2.7,96.1,7.5,2,83.6,2
73.0,7.44,2.2,100.0,5.4,2,76.7,1
80.4,10.0,3.7,87.7,8.2,2,87.3,2
86.8,7.4,4.2,98.9,6.7,2,65.3,1
88.7,6.85,6.0,68.0,5.7,2,66.1,1
89.9,7.2,4.0,96.5,8.1,1,78.9,2
72.8,7.51,4.5,96.3,4.9,2,72.6,2
71.1,7.72,4.6,100.0,6.1,1,85.3,1
90.9,9.69,1.8,50.0,6.1,2,99.4,2
75.1,6.19,2.1,63.7,9.4,1,58.7,0
58.9,8.23,1.9,94.8,6.0,3,65.4,1
61.0,7.45,1.5,32.3,4.2,3,69.5,0
64.2,5.31,4.7,88.9,6.1,1,57.4,0
85.5,8.12,3.9,99.1,7.3,0,77.5,2
80.1,8.72,3.6,69.6,7.7,1,87.2,2
88.4,6.17,0.0,72.3,9.5,5,67.4,0
71.6,7.19,6.6,60.7,8.5,1,73.4,1
80.4,5.13,2.2,70.6,7.0,0,49.4,0
87.4,5.69,6.6,71.1,5.7,2,60.5,1
73.4,8.46,1.3,67.7,8.7,2,97.8,2
84.9,6.64,2.3,66.7,6.4,1,52.5,0
68.1,5.87,0.2,75.1,6.0,2,61.8,0
72.6,7.48,4.0,74.9,6.3,0,86.2,2
72.3,6.57,1.8,100.0,5.3,1,54.5,0
60.1,6.64,1.9,72.9,6.2,2,72.4,0
85.3,8.09,1.4,86.2,6.5,1,85.8,1
71.0,5.81,4.7,69.6,7.7,2,45.5,0
78.2,6.11,4.6,69.4,6.3,2,65.7,1
85.2,7.38,6.2,49.3,5.3,0,68.6,1
84.7,8.36,2.5,51.7,4.9,0,78.6,1
88.0,8.69,3.8,58.3,7.1,2,79.2,2
76.5,6.4,1.6,83.3,6.9,1,72.9,1
71.7,8.32,3.0,99.4,6.1,1,77.9,1
76.8,6.26,2.7,47.8,6.2,2,57.5,0
52.7,9.39,4.2,70.1,7.3,1,84.3,2
56.3,5.84,5.0,55.4,8.5,1,54.9,0
58.2,8.79,5.0,75.2,5.9,1,74.1,1
63.0,6.41,2.2,99.4,6.9,0,58.7,0
84.0,9.62,5.0,72.0,7.9,3,90.7,2
64.4,7.91,3.4,79.1,5.9,0,78.5,1
72.3,5.98,3.0,100.0,6.8,2,68.5,1
97.5,6.57,2.4,88.2,6.8,2,65.8,1
72.7,8.14,2.7,66.3,5.2,2,73.4,1
89.1,8.46,6.1,82.9,7.0,2,71.8,2
64.0,7.12,4.0,65.1,6.8,1,70.8,1
74.9,7.25,3.8,87.6,7.5,4,68.7,1
63.7,8.11,3.1,89.3,5.4,1,76.3,2
72.9,7.36,7.2,55.4,6.8,0,72.6,1
90.6,5.65,5.5,83.2,8.5,1,60.2,1
52.1,6.22,2.4,77.9,9.3,0,63.1,0
84.5,7.48,3.1,89.8,8.3,1,70.2,2
81.6,8.66,3.2,95.0,5.4,3,75.2,2
69.1,9.14,3.7,88.6,7.3,3,80.8,2
56.3,8.14,2.4,74.5,6.2,0,83.9,1
79.1,7.54,4.2,96.8,7.1,1,68.7,1
70.1,8.1,5.7,64.3,5.9,5,66.1,1
81.5,6.4,1.5,56.2,4.7,1,71.7,0
78.3,7.02,1.8,22.5,6.4,3,60.1,0
100.0,6.21,2.8,78.7,7.7,2,61.1,1
74.4,5.7,2.8,65.2,7.1,2,60.4,0
62.6,7.6,6.5,87.2,7.3,0,72.6,1
80.7,7.42,5.0,44.5,7.1,1,51.3,1
81.3,8.03,4.9,68.4,7.3,3,79.3,2
98.4,7.86,3.1,88.5,7.4,0,85.4,2
90.5,7.49,3.1,61.5,6.5,1,78.0,1
83.4,7.87,1.3,87.4,6.9,2,57.9,1
99.9,7.15,4.7,70.0,8.9,2,85.8,2
60.2,7.7,4.2,79.4,7.0,0,62.8,1
68.4,6.33,5.4,90.7,6.9,5,53.2,0
64.1,7.64,3.2,97.2,6.9,1,79.2,1
72.2,8.0,3.3,81.7,6.5,3,79.6,2
57.3,6.4,3.8,65.3,6.3,1,63.0,1
87.5,7.26,4.8,71.8,7.1,2,65.2,0
74.7,6.45,1.3,91.5,6.2,0,73.5,1
55.9,6.57,4.6,61.6,6.6,2,63.5,1
62.8,5.85,3.5,76.8,5.9,2,45.2,0
82.7,8.72,1.9,73.1,6.9,0,92.0,2
90.6,8.48,0.4,78.1,7.5,4,81.8,2
100.0,7.84,3.3,61.8,6.5,3,83.6,1
100.0,9.57,5.7,46.7,4.4,1,93.9,2
84.2,6.97,6.0,89.4,7.5,3,86.4,2
63.2,10.0,4.0,97.4,6.9,0,90.5,2
46.0,6.93,6.4,47.7,5.6,3,67.0,0
82.0,7.51,3.4,86.6,7.7,1,77.6,1
65.8,6.72,4.9,99.5,5.1,2,62.7,1
71.8,7.65,2.8,90.7,8.1,2,79.4,2
68.8,8.2,2.7,72.5,6.7,0,54.1,1
75.9,7.06,2.5,63.0,4.1,2,67.5,0
94.0,9.33,0.4,81.5,7.0,1,86.5,2
80.4,7.49,5.4,84.5,6.3,2,70.5,2
75.6,7.52,2.5,81.7,6.1,1,64.9,1
62.5,6.11,2.3,76.8,5.9,1,67.2,0
52.9,7.7,1.7,60.5,6.6,1,69.4,1
70.7,7.04,3.2,87.6,6.2,2,69.4,1
77.2,6.47,6.1,88.5,4.6,1,62.7,1
100.0,6.27,6.6,83.6,8.3,1,65.3,2
80.0,10.0,1.0,82.0,6.5,4,100.0,2
92.7,6.88,3.0,100.0,5.9,1,68.1,1
70.5,5.45,1.9,68.8,5.4,2,61.1,0
60.2,6.36,5.0,100.0,7.7,3,63.2,1
63.5,7.14,3.9,66.8,5.2,2,64.6,1
67.1,7.86,2.5,100.0,7.0,1,73.6,1
100.0,7.87,3.6,100.0,6.1,2,72.6,2
65.7,8.01,2.8,74.7,6.2,4,80.6,1
90.6,6.43,5.9,100.0,5.5,2,63.5,1
64.5,7.61,4.3,88.4,6.1,1,66.3,2
92.0,6.15,4.5,64.2,6.8,3,58.5,1
83.8,6.46,0.0,73.3,7.1,4,50.7,0
75.7,6.1,3.4,100.0,5.9,0,58.4,0
77.4,5.77,6.6,96.6,6.7,0,57.1,1
68.2,8.48,5.5,61.0,7.9,2,94.5,2
84.7,8.03,0.7,77.5,4.8,1,87.0,1
71.2,8.37,3.0,83.7,6.8,2,70.9,1
59.6,7.25,1.7,70.9,5.7,0,71.2,0
58.8,8.13,6.1,100.0,5.5,2,78.9,2
80.6,5.09,3.9,84.2,7.1,2,49.4,0
100.0,8.24,2.3,78.9,6.1,3,76.7,2
80.4,7.41,3.6,100.0,5.3,0,68.2,1
76.2,7.95,0.0,73.4,8.4,3,90.6,2
82.3,7.66,1.9,98.1,7.9,0,69.7,2
97.6,6.02,3.6,50.0,4.5,1,61.9,0
81.3,5.4,4.8,71.8,5.0,4,33.7,0
71.8,6.35,0.6,98.9,7.5,1,68.5,0
94.6,7.88,2.9,100.0,6.5,2,84.4,2
84.4,8.03,5.0,66.1,8.6,0,67.8,2
100.0,5.56,1.3,64.0,7.5,3,51.2,0
80.7,6.02,3.8,90.2,7.2,5,62.8,1
59.6,6.33,3.6,68.8,5.6,4,62.0,0
57.5,6.77,6.1,75.2,7.4,2,69.3,1
100.0,5.57,3.2,95.8,5.3,1,53.0,1
100.0,5.49,3.2,70.2,8.4,2,69.6,1
75.3,6.21,4.8,44.6,7.3,1,55.5,0
72.3,7.3,1.5,56.6,5.8,6,91.6,1
99.9,5.78,3.2,80.2,7.8,0,67.1,1
61.4,7.06,2.8,46.5,9.5,1,74.7,0
64.6,8.47,3.3,74.7,6.5,4,71.7,2
87.6,5.64,4.8,54.9,7.5,1,63.2,0
72.1,6.95,4.3,100.0,6.3,1,71.9,1
77.9,8.43,2.4,100.0,6.9,2,62.7,2
75.5,6.7,3.7,61.0,5.0,1,53.7,0
83.1,6.51,5.7,84.6,6.8,0,66.2,1
99.1,8.6,2.3,62.7,6.9,0,80.0,2
79.4,6.83,3.7,74.4,9.0,1,61.9,0
87.7,8.53,3.2,100.0,4.6,3,89.1,2
47.2,7.71,3.4,71.6,6.5,0,66.5,1
77.3,6.79,1.1,74.9,8.3,1,62.1,0
65.4,7.78,5.6,63.0,6.5,1,68.9,1
59.7,7.58,2.3,100.0,6.6,2,76.5,1
64.8,8.43,5.0,21.3,5.8,2,65.9,1
73.0,6.54,2.6,72.0,5.7,1,59.6,0
91.7,7.25,2.6,79.2,4.6,0,55.8,1
58.1,7.13,5.3,68.1,6.0,1,66.1,1
78.5,8.04,5.0,95.5,5.6,1,82.2,2
70.7,5.97,3.8,100.0,6.9,4,64.7,1
73.1,8.42,4.6,54.6,5.9,1,73.8,2
93.0,7.76,3.1,100.0,6.2,2,78.2,2
86.1,5.62,3.5,54.4,6.3,2,54.3,0
98.1,8.65,2.5,100.0,6.7,3,92.4,2
75.7,9.88,4.9,82.7,6.2,2,90.9,2
67.6,8.4,2.5,70.9,5.5,1,55.6,1
74.6,8.91,5.7,72.6,6.9,0,90.9,2
81.6,7.3,3.0,79.4,8.1,0,66.4,1
80.6,5.21,3.5,83.8,7.0,1,50.1,0
61.7,4.99,4.6,63.4,6.1,2,53.1,0
79.4,7.51,3.5,75.8,6.7,1,60.4,1
81.4,6.49,3.1,66.1,4.3,3,63.8,0
100.0,6.1,3.5,58.1,6.6,1,64.1,1
100.0,7.12,4.8,65.3,6.3,4,71.5,2
65.2,7.94,2.5,59.3,5.7,2,70.7,1
73.7,5.46,3.3,72.4,5.9,0,62.3,0
56.0,6.66,3.5,87.8,6.3,1,56.6,0
69.1,9.01,4.8,82.2,8.0,2,79.6,2
82.7,5.91,3.4,100.0,8.1,2,57.1,0
96.1,8.24,6.2,40.2,5.7,1,80.4,1
67.1,6.62,3.3,88.4,6.2,1,61.7,1
68.2,7.85,3.1,80.1,6.2,0,84.6,1
45.8,8.52,3.2,94.7,7.8,1,82.8,1
75.6,8.09,1.5,92.9,7.0,1,77.4,1
62.1,8.29,1.9,77.0,6.9,2,80.6,1
70.1,5.82,2.7,83.1,7.4,1,63.3,0
64.8,8.54,5.2,66.6,6.1,1,82.5,2
76.6,6.18,3.5,91.0,8.4,2,46.0,1
51.6,7.51,2.8,46.2,6.8,3,80.6,0
56.0,7.51,5.3,94.0,5.8,2,72.8,1
100.0,7.78,5.8,79.6,6.5,0,79.6,2
58.7,7.6,5.4,71.2,8.3,0,69.4,1
61.5,6.19,2.2,75.8,6.3,2,46.0,0
100.0,5.58,2.8,77.1,7.9,2,37.2,0
100.0,8.25,6.2,100.0,6.0,2,70.5,2
60.4,7.42,3.9,100.0,5.9,1,75.2,2
72.5,8.58,3.1,100.0,7.6,0,91.3,2
83.1,7.15,4.6,69.8,5.8,3,71.2,1
100.0,5.51,5.0,91.3,7.8,6,46.4,1
63.2,8.36,2.6,92.1,7.2,3,72.8,2
74.3,6.76,3.8,63.3,5.8,1,76.3,1
89.7,7.61,4.9,57.3,6.7,1,62.2,1
84.5,6.42,1.8,78.9,6.1,1,79.4,1
72.4,9.17,3.5,94.5,7.2,0,100.0,2
76.0,6.15,1.8,51.0,9.1,2,77.3,0
57.4,6.8,2.0,67.0,6.4,1,68.8,0
74.4,7.33,2.7,90.3,7.4,2,67.6,2
74.0,5.89,4.2,80.8,6.8,3,60.9,0
81.5,7.6,3.0,100.0,6.8,5,79.8,1
69.7,9.13,2.5,54.6,6.6,2,80.4,2
85.1,6.61,3.6,100.0,5.8,0,55.4,1
93.2,7.67,1.8,52.3,7.2,1,71.0,2
80.3,4.0,4.1,43.5,6.5,2,35.8,0
83.3,7.15,5.2,78.9,5.7,2,78.7,2
78.8,6.82,3.4,59.6,8.0,0,61.1,0
78.0,6.22,3.2,79.3,6.9,1,61.6,1
67.2,8.5,4.1,78.7,6.5,1,88.1,2
82.7,6.81,0.5,76.5,8.4,1,76.1,0
76.5,6.99,4.3,64.8,4.6,1,69.1,1
100.0,6.75,8.2,87.8,8.3,0,68.4,2
100.0,4.9,3.3,74.3,5.7,0,41.5,0
83.8,5.84,3.3,99.9,7.1,4,65.8,1
66.6,8.35,4.6,76.8,6.1,1,89.1,2
61.3,4.67,6.0,62.6,5.7,1,32.7,0
95.9,6.28,5.0,49.6,8.4,2,75.5,1
81.9,6.72,0.3,76.9,9.0,0,59.5,0
85.2,9.29,4.3,57.2,6.5,2,91.7,2
51.8,8.12,7.4,55.7,7.2,0,77.7,1
91.9,6.53,4.4,89.5,6.9,3,63.0,2
84.8,8.77,1.8,48.0,8.9,1,80.9,1
61.3,6.31,3.9,100.0,4.3,1,53.7,0
70.9,8.41,1.6,82.9,7.3,0,83.7,1
82.0,5.57,5.3,79.2,5.9,5,53.1,0
78.8,8.49,2.1,61.4,4.0,1,69.7,1
73.6,6.71,3.6,93.8,6.4,1,56.8,0
76.4,5.97,2.2,79.9,9.0,3,48.4,1
74.2,6.94,2.7,67.7,6.0,1,62.8,0
80.3,7.53,5.7,83.6,7.7,0,75.9,1
100.0,6.61,3.7,49.7,8.2,3,58.5,1
39.5,7.86,2.7,50.6,6.8,1,82.7,1
74.4,6.5,1.8,59.8,6.9,0,62.3,0
80.6,7.94,0.7,86.3,4.7,2,73.2,1
82.4,7.73,1.6,79.9,5.9,3,73.8,1
72.4,7.13,3.7,98.9,7.9,0,79.7,1
51.6,6.67,5.0,63.4,6.9,2,53.7,0
82.9,7.38,2.7,90.3,7.2,0,84.0,2
100.0,7.86,5.9,78.0,7.0,2,82.5,2
55.0,9.67,2.4,63.0,9.4,0,90.1,2
91.0,8.33,3.1,86.9,6.3,0,88.2,2
73.1,8.37,1.9,78.8,8.7,1,76.6,1
77.1,10.0,5.0,68.7,7.0,1,95.3,2
62.2,7.82,6.6,80.8,8.8,1,70.1,1
73.0,7.78,0.9,77.7,5.3,2,81.9,1
97.5,8.04,3.0,77.2,7.0,3,70.7,2
86.7,5.99,5.4,72.6,6.3,1,58.5,0
100.0,6.67,1.3,56.5,7.0,0,70.1,1
95.7,6.59,4.4,81.3,8.3,0,72.4,1
84.6,7.98,5.3,65.6,7.3,0,69.2,2
100.0,6.99,3.6,61.6,8.3,2,73.4,2
84.6,7.37,4.3,75.7,6.0,2,62.8,1
90.4,8.5,6.1,93.2,5.8,1,63.1,2
73.6,8.24,6.4,83.3,6.8,4,72.0,2
79.0,7.01,3.4,70.4,6.8,4,74.2,0
67.5,6.4,2.7,69.7,6.6,0,62.3,0
92.8,8.56,2.1,91.4,5.6,0,76.5,2
60.3,8.13,5.0,36.9,8.2,3,77.5,1
89.7,5.27,1.4,94.4,6.4,1,53.0,0
75.1,6.82,3.1,46.3,8.5,3,71.0,1
95.6,7.4,3.7,54.5,6.8,1,58.0,1
89.3,8.13,2.7,70.7,7.6,0,76.3,1
100.0,8.29,3.9,100.0,7.5,1,79.5,2
89.0,7.54,7.3,100.0,5.8,1,61.2,2
54.4,7.9,3.3,92.7,7.2,2,64.1,2
77.0,7.28,2.8,86.4,9.1,2,66.9,1
60.4,6.39,5.0,46.5,7.1,0,62.4,0
70.2,6.89,3.9,82.8,7.9,2,66.6,0
100.0,7.22,5.7,70.1,7.6,0,64.9,2
87.6,7.16,3.7,65.3,7.2,3,64.1,1
67.5,4.94,3.1,82.8,7.0,2,46.8,0
62.8,6.72,0.8,71.5,7.5,2,67.5,0
78.5,7.27,1.1,95.6,7.7,1,79.7,1
59.8,6.86,0.7,45.2,5.2,2,48.6,0
67.9,6.9,4.1,81.4,7.1,1,71.7,1
82.7,7.79,1.5,64.2,6.6,1,73.3,1
95.3,5.91,5.4,72.6,6.3,2,62.4,1
87.1,5.25,3.5,85.5,8.4,2,62.1,0
43.6,6.78,3.1,59.9,5.9,4,59.6,0
82.6,8.12,2.2,83.0,5.1,1,84.5,1
79.1,9.23,4.4,76.2,7.8,1,76.4,2
84.2,8.14,2.3,68.1,5.1,2,78.2,2
100.0,5.44,2.0,71.5,4.5,2,52.3,0
47.1,6.92,5.3,77.2,7.9,0,67.2,1
69.1,7.51,4.0,66.2,7.0,0,63.9,1
86.9,7.41,3.1,80.1,7.4,1,74.5,2
54.3,7.85,4.5,75.0,6.3,2,87.4,1
100.0,6.1,3.5,69.0,5.1,2,52.1,0
83.5,7.28,4.1,100.0,5.4,2,71.4,1
90.7,7.7,2.3,87.5,6.5,0,80.3,2
69.4,8.19,6.6,73.1,5.3,4,75.2,2
90.2,6.23,2.6,82.6,7.2,1,71.9,1
94.0,6.79,5.8,61.5,6.2,0,62.2,1
81.5,4.0,3.2,72.1,7.0,0,41.1,0
81.5,6.45,4.7,74.2,7.0,2,54.9,0
82.1,6.57,4.6,57.6,7.3,3,64.9,1
65.0,5.98,5.2,87.0,7.4,3,58.8,0
75.8,7.4,2.2,70.9,6.4,0,76.0,1
75.7,7.13,5.1,73.6,7.0,1,63.5,1
83.8,4.49,6.3,69.8,7.1,1,40.7,0
93.0,7.46,3.1,100.0,3.9,2,75.1,1
62.1,6.09,3.6,68.1,7.6,0,70.9,0
76.1,7.78,2.7,42.8,7.0,1,79.2,1
100.0,5.66,3.0,51.2,7.5,1,70.9,1
66.8,7.24,6.1,93.7,5.3,2,73.9,1
65.7,6.86,2.0,100.0,6.4,3,70.5,0
81.0,7.56,2.1,67.7,5.5,6,77.7,1
90.7,7.35,5.9,100.0,7.7,3,82.4,2
78.2,6.89,4.4,93.3,5.1,2,76.5,1
97.9,5.36,6.7,76.6,5.7,0,44.9,0
90.9,5.43,2.8,75.3,7.4,1,60.5,0
90.6,6.5,3.7,83.3,6.0,2,65.4,1
86.3,7.19,2.5,95.8,5.7,0,67.6,1
100.0,6.47,3.7,87.2,7.9,0,48.8,1
74.9,7.95,0.8,67.8,7.9,1,63.3,1
47.9,6.86,4.5,76.9,7.7,3,63.4,1
100.0,6.04,4.0,100.0,7.8,0,47.6,1
71.1,6.87,3.4,84.5,6.5,2,63.6,0
79.6,7.47,2.9,95.6,6.6,2,77.2,1
97.6,7.59,2.2,89.7,6.0,0,67.9,2
54.0,9.45,4.6,84.9,7.0,1,89.0,2
59.2,6.4,1.7,82.0,6.2,3,53.8,0
54.0,7.11,4.3,96.2,6.3,0,70.8,1
66.1,7.71,6.6,92.9,7.5,1,77.6,2
84.6,7.17,5.7,84.8,8.2,3,57.6,1
85.9,6.6,1.2,67.5,7.3,1,58.1,0
82.1,5.34,2.7,86.9,9.0,1,43.3,0
56.8,6.59,4.1,78.8,6.0,2,68.1,0
43.3,5.91,3.4,74.5,4.6,1,59.6,0
78.8,5.13,1.4,100.0,7.7,1,51.2,0
70.9,6.25,4.1,52.3,5.9,1,60.1,0
84.9,5.94,3.5,97.3,6.5,2,61.1,1
88.5,7.9,6.4,64.5,4.7,3,77.9,2
80.1,7.92,3.1,82.4,5.7,1,71.4,1
89.4,6.12,5.3,100.0,5.0,2,54.9,1
81.4,6.89,1.6,62.7,6.3,1,66.1,0
86.0,4.97,2.0,67.0,6.3,1,48.7,0
67.4,6.61,4.6,79.7,6.9,0,80.6,1
75.3,7.68,5.1,64.8,8.3,2,70.2,1
81.0,8.19,2.1,95.9,7.6,4,79.9,2
90.3,6.34,3.5,70.4,4.9,1,65.7,0
72.1,8.46,1.4,91.8,7.5,2,91.1,1
85.8,5.38,3.2,56.1,6.9,2,47.3,0
74.0,5.7,4.8,47.5,6.7,2,67.2,0
76.2,8.05,2.8,75.9,6.8,1,75.3,2
90.4,9.21,3.1,51.8,7.0,2,100.0,2
48.1,7.79,1.8,100.0,6.0,4,77.1,0
58.6,7.15,2.5,52.5,6.6,2,59.0,0
55.8,4.57,6.1,61.3,8.2,0,45.2,0
43.0,4.77,3.6,87.4,6.0,3,59.3,0
67.8,7.36,2.0,69.4,5.6,1,71.2,0
89.2,6.77,3.0,52.7,6.7,1,65.1,0
73.7,5.87,1.1,100.0,5.4,0,63.7,0
81.0,7.28,2.0,62.0,4.7,0,67.1,1
94.3,7.34,5.5,76.5,6.4,1,68.7,1
97.9,8.33,3.3,76.2,8.5,2,71.3,2
77.0,7.36,6.3,92.8,6.8,3,84.4,2
98.3,8.67,3.4,88.3,7.0,1,71.9,2
79.4,7.21,3.4,65.1,4.2,1,70.6,0
65.4,7.06,4.5,74.1,7.3,1,71.9,1
69.1,8.48,0.0,75.9,6.9,2,79.9,1
55.8,6.03,3.8,93.5,6.0,0,49.2,0
64.7,10.0,3.4,59.0,7.0,1,85.0,2
72.6,7.65,5.7,100.0,7.0,1,77.2,2
90.1,7.66,4.9,66.3,5.5,1,66.8,1
100.0,7.83,1.8,79.8,7.2,4,58.0,1
57.3,9.45,5.4,59.1,8.2,2,91.4,2
83.9,8.15,3.1,56.6,6.5,0,70.3,1
62.4,5.27,2.1,64.3,5.8,2,57.9,0
85.1,8.88,3.8,62.5,6.6,2,81.9,2
76.0,6.79,3.2,72.5,7.8,2,63.7,0
50.5,7.33,5.8,62.4,5.3,4,70.7,1
91.9,5.66,4.0,92.5,7.5,2,47.0,0
68.9,7.83,3.8,65.9,6.0,2,68.0,1
70.0,6.42,4.9,63.9,7.1,5,60.5,0
62.0,7.32,5.1,72.9,6.1,1,61.1,1
68.2,6.86,4.7,97.9,6.1,2,72.0,1
84.4,9.51,5.6,83.9,8.6,1,86.4,2
75.2,9.58,4.4,78.2,5.1,2,77.8,2
82.9,7.26,3.8,54.2,7.4,1,65.2,1
83.4,7.28,5.4,59.4,8.9,0,70.7,0
97.8,6.75,3.4,57.0,7.6,3,61.8,1
72.9,8.53,3.5,100.0,5.2,0,83.7,2
55.8,6.81,6.1,89.6,5.3,1,70.4,1
94.0,6.69,5.9,64.5,5.9,1,84.1,1
73.0,8.37,3.5,69.8,7.0,2,88.4,2
94.7,6.55,2.8,65.1,7.1,2,50.6,1
83.8,7.15,5.7,64.1,5.3,3,65.9,0
76.0,5.3,4.7,88.3,5.8,1,50.9,0
83.2,8.05,4.0,74.8,5.8,2,81.0,2
100.0,9.53,3.0,100.0,6.6,0,81.5,2
100.0,8.07,4.0,100.0,9.2,0,72.3,2
79.0,8.95,3.5,100.0,5.7,0,74.2,2
80.4,6.18,2.5,92.1,5.6,1,55.8,0
94.1,7.48,3.7,72.4,5.4,2,67.1,0
65.3,6.07,3.9,90.8,7.6,0,57.1,1
83.0,6.93,2.9,73.7,6.8,2,57.4,1
77.6,8.13,4.9,100.0,5.7,0,84.9,2
82.7,7.32,5.4,87.3,6.4,2,74.0,2
65.5,5.5,5.0,84.7,5.9,3,43.2,0
54.2,5.62,3.1,82.3,7.2,1,56.0,0
46.9,5.54,4.6,100.0,10.0,1,42.6,0
61.2,7.79,3.6,54.2,7.5,4,85.0,1
71.1,9.68,1.6,100.0,6.7,0,100.0,2
73.6,8.83,4.5,76.6,6.0,1,82.7,1
100.0,4.92,3.7,54.7,5.2,0,43.0,0
94.6,8.91,7.4,66.5,7.7,2,78.4,2
63.6,8.32,5.7,50.3,7.6,3,75.1,1
83.2,5.35,4.6,91.8,6.2,2,52.6,0
71.9,6.84,3.9,61.3,8.3,3,77.1,1
73.7,8.51,3.7,83.0,6.8,2,88.0,2
80.8,7.86,2.0,100.0,7.7,0,82.6,2
87.3,5.63,0.9,67.9,7.2,1,57.2,0
72.9,7.93,2.2,75.2,6.6,2,66.2,2
94.0,4.63,3.4,56.5,5.7,2,41.2,0
60.9,6.93,0.3,73.0,6.6,5,67.4,0
78.1,8.57,2.7,100.0,7.8,1,71.2,2
100.0,7.22,3.1,94.0,6.2,1,71.8,2
81.3,6.6,3.2,75.2,7.3,1,70.6,1
99.5,8.27,2.5,69.0,5.5,2,82.6,2
79.4,8.37,3.0,79.2,7.7,1,83.2,2
86.7,8.77,6.1,82.3,7.2,0,67.6,2
77.1,8.25,4.5,72.5,5.4,1,88.8,1
75.4,8.5,2.7,89.5,6.5,2,67.7,2
66.3,8.08,3.4,62.8,7.9,2,75.5,1
84.5,7.52,3.5,62.7,5.3,0,76.9,1
65.2,7.31,2.3,86.7,5.5,2,73.0,1
88.0,6.92,2.3,59.0,6.7,4,56.6,0
94.3,5.75,5.0,93.1,9.4,2,48.0,0
83.5,6.05,2.9,79.7,6.0,0,61.8,0
73.7,6.86,1.9,47.1,7.4,1,70.4,0
84.8,7.49,3.4,82.0,7.1,1,62.8,1
73.4,8.93,3.7,49.7,6.1,0,87.0,2
92.0,7.15,0.5,92.5,7.0,0,56.7,1
50.5,8.4,3.4,75.5,6.3,0,84.4,1
73.0,8.5,4.8,100.0,6.4,0,73.1,2
48.1,6.92,4.2,99.3,4.8,0,67.5,0
55.6,7.91,6.8,60.9,6.8,2,74.6,2
98.5,6.91,5.4,43.6,7.9,1,76.0,1
91.4,8.79,5.7,66.4,6.9,1,84.6,2
67.2,7.96,7.7,58.0,8.1,1,70.9,2
55.5,5.77,4.6,100.0,7.5,2,59.9,0
33.5,7.39,3.7,79.8,6.7,1,88.0,1
69.8,9.18,5.0,96.8,6.0,3,91.9,2
100.0,6.98,2.7,74.9,6.2,2,66.9,1
84.5,7.74,3.7,76.8,5.0,2,67.1,1
69.6,7.86,2.5,79.4,6.5,2,69.8,1
85.0,5.96,4.1,99.9,7.0,2,64.1,1
54.6,7.81,2.5,85.6,8.9,1,67.3,1
73.5,5.53,2.5,61.0,7.4,3,55.0,0
79.5,6.45,4.1,100.0,5.8,2,74.3,1
76.7,8.49,3.3,74.7,5.1,1,81.4,1
89.9,7.63,0.6,71.8,6.6,4,64.2,1
83.2,6.83,1.3,29.1,7.8,1,83.5,1
88.0,7.74,1.8,91.4,6.5,1,87.9,2
67.7,7.13,2.2,81.8,7.5,3,72.6,0
91.5,7.22,4.1,81.8,6.6,2,79.5,2
100.0,7.99,3.8,72.7,7.7,2,73.8,2
63.4,6.33,5.1,69.6,4.9,2,67.6,0
64.7,7.25,4.6,73.3,8.7,0,66.2,1
98.0,6.83,5.1,88.3,5.5,3,55.2,2
75.1,5.3,4.4,91.5,7.8,0,73.8,0
99.1,6.1,3.8,75.8,6.5,2,48.6,0
71.4,9.08,5.1,97.1,6.7,1,87.6,2
99.8,7.66,4.9,78.6,6.5,2,75.4,2
80.0,5.61,4.1,70.9,7.1,2,59.8,1
81.9,5.35,5.4,83.6,7.3,0,52.8,0
100.0,7.07,0.0,55.5,8.1,0,67.4,1
72.6,9.07,3.1,84.2,8.5,1,86.2,2
63.9,6.98,3.0,52.2,7.2,2,71.1,1
71.3,8.77,5.2,61.5,8.9,2,82.5,2
84.8,7.62,5.9,43.7,6.9,3,72.2,1
54.5,7.77,1.3,76.8,8.1,2,63.4,1
87.6,5.6,5.6,100.0,7.3,2,71.7,1
69.9,8.33,1.7,77.9,6.1,4,83.0,1
95.2,6.8,1.8,91.6,7.0,4,67.5,1
42.1,8.24,3.1,100.0,7.4,0,73.0,1
66.2,6.22,3.0,87.3,6.8,1,52.9,1
52.7,7.41,1.2,66.2,7.3,3,77.9,1
65.6,7.62,4.5,68.7,7.8,1,71.5,1
81.7,7.02,4.5,80.0,6.8,2,72.6,1
75.3,7.69,5.1,68.6,3.3,1,62.5,1
74.2,6.88,2.8,70.0,8.8,4,78.9,1
75.6,6.42,3.4,97.7,6.4,0,69.8,1
81.1,9.13,3.5,98.5,5.8,2,84.9,2
62.9,8.46,6.0,50.4,5.5,2,83.6,1
88.6,6.29,0.0,65.3,6.4,3,67.4,0
87.9,7.88,2.1,71.6,6.1,3,64.3,1
83.8,6.31,3.5,90.8,5.9,1,75.0,1
86.3,5.78,1.9,100.0,6.0,2,61.0,0
82.4,8.44,3.1,100.0,7.4,0,74.1,2
100.0,5.16,3.3,71.6,9.2,2,43.0,0
76.7,8.31,2.5,72.5,7.8,0,86.6,2
73.4,6.9,3.6,90.6,8.1,1,68.3,2
66.7,6.95,4.4,67.7,6.3,2,70.9,1
62.5,7.69,3.1,77.5,6.9,3,73.6,1
59.3,7.9,2.8,72.5,7.3,1,67.1,1
64.7,6.21,3.3,32.8,6.0,1,64.8,0
76.9,8.06,3.5,82.2,6.3,1,74.9,2
83.0,7.34,0.9,76.7,7.8,1,70.2,1
78.8,5.69,4.2,100.0,8.1,2,75.4,0
66.5,7.0,2.8,80.1,6.9,2,74.4,1
91.5,8.86,5.4,57.4,5.4,6,90.7,2
89.1,9.21,4.4,75.4,6.4,2,100.0,2
75.6,8.06,5.3,42.4,5.1,3,79.6,1
68.2,5.77,2.0,58.2,6.9,2,58.0,0
86.2,7.79,2.9,91.4,7.1,2,68.8,2
80.8,8.22,1.6,75.5,6.5,1,74.3,1
56.3,8.07,2.4,96.6,7.1,3,60.2,1
77.0,8.14,5.4,44.6,7.3,1,83.5,1
81.9,7.64,5.7,75.6,7.1,2,62.8,2
64.5,7.11,1.8,71.4,5.4,1,75.7,1
80.8,6.47,2.8,97.2,6.5,1,62.7,1
56.2,4.92,3.4,92.1,7.3,1,50.9,0
98.0,7.61,4.4,91.6,8.7,0,72.3,2
96.7,7.42,0.9,100.0,6.5,2,82.2,1
74.2,7.87,1.1,73.4,7.5,0,84.6,1
83.5,5.59,4.2,100.0,7.9,2,55.3,1
41.9,7.97,0.6,61.2,6.6,1,68.6,1
60.7,9.67,2.8,60.5,8.2,0,97.5,1
73.6,7.29,3.7,93.5,8.2,3,62.2,1
61.9,7.13,4.1,52.9,8.5,0,56.1,0
88.7,7.57,3.3,90.3,7.4,2,76.3,1
100.0,9.64,3.0,81.8,9.6,1,99.7,2
60.4,5.97,4.8,99.3,6.1,3,55.5,0
65.4,7.44,3.9,78.9,9.3,2,74.5,1
81.5,6.24,2.5,81.0,7.7,1,57.7,0
100.0,6.54,3.6,89.2,8.4,1,69.4,1
59.7,7.14,4.1,68.1,6.4,0,77.5,1
81.7,8.82,6.1,67.3,7.8,0,80.8,2
100.0,9.36,4.7,88.5,8.5,1,79.3,2
53.2,7.74,5.3,79.5,5.5,1,62.1,0
58.8,6.75,2.6,72.7,6.6,2,72.8,0
71.6,10.0,2.7,78.5,4.2,1,83.9,2
70.2,6.69,3.1,100.0,6.6,1,67.8,1
90.2,6.51,3.3,72.0,5.8,0,69.6,0
81.6,5.07,2.0,71.5,6.5,0,47.1,0
51.4,8.88,5.4,49.3,10.0,5,82.1,2
85.7,8.36,4.8,79.2,8.9,0,87.1,1
69.3,10.0,3.0,91.8,5.1,2,86.5,2
97.1,5.53,4.5,95.1,7.5,0,47.7,0
68.6,8.95,3.8,81.9,7.8,2,82.2,2
68.5,7.28,4.6,97.2,6.4,2,80.1,1
86.1,8.17,1.5,93.2,7.0,3,90.3,2
89.4,5.22,3.3,100.0,7.1,1,51.6,0
84.7,8.96,3.4,97.7,5.2,0,78.5,2
52.7,8.14,4.4,100.0,5.6,0,85.7,2
86.1,7.15,2.6,76.9,7.0,0,55.4,0
62.5,7.97,0.0,56.1,6.9,6,77.8,1
81.5,6.28,1.9,91.9,5.9,0,61.0,0
56.6,6.5,3.4,94.0,5.8,0,73.6,0
84.7,6.64,3.6,100.0,6.7,1,75.6,2
65.9,4.98,6.0,100.0,7.9,1,42.8,0
58.8,8.23,4.4,100.0,6.7,3,79.3,2
88.7,8.63,3.6,91.2,8.7,1,76.8,2
81.6,6.36,3.5,84.1,6.0,2,59.7,0
68.8,7.62,5.2,55.1,7.0,5,77.7,1
99.8,6.88,2.6,85.5,6.4,0,63.8,1
71.4,7.59,3.3,70.1,7.5,5,74.1,1
78.5,6.45,1.9,83.8,5.9,0,70.5,0
82.0,6.14,5.6,81.0,9.1,2,72.3,1
68.7,8.46,4.1,88.5,4.8,2,82.2,2
85.1,7.12,2.4,78.2,8.9,3,69.5,1
70.0,9.63,3.3,96.8,6.9,1,81.0,2
71.8,7.26,4.3,31.0,7.5,4,82.4,0
98.4,6.09,3.1,83.4,8.4,1,63.7,1
62.4,8.67,2.7,100.0,7.8,0,82.8,2
41.8,7.96,2.5,100.0,5.9,4,76.3,1
100.0,8.07,4.0,93.2,7.5,0,79.5,2
100.0,8.63,3.0,100.0,9.0,0,87.5,2
71.9,6.42,2.8,83.0,5.7,2,69.7,0
48.9,7.05,1.5,80.1,9.3,2,80.8,0
73.3,6.99,3.6,89.5,7.3,1,69.4,1
73.7,5.65,3.2,79.9,6.3,2,70.1,0
75.2,6.88,3.0,65.9,5.7,0,75.0,1
61.3,8.8,3.8,70.7,6.5,2,82.4,2
86.7,7.48,4.6,60.0,4.5,2,58.3,1
85.9,5.58,4.6,89.5,6.3,0,56.2,0
55.6,5.33,4.3,80.2,6.5,2,65.8,0
88.5,9.2,3.1,73.5,5.5,3,80.0,2
100.0,7.09,2.6,69.8,7.7,0,68.9,1
80.6,6.42,1.9,89.1,6.5,0,63.9,0
72.9,6.87,2.6,94.0,6.0,3,73.9,1
75.9,5.43,3.5,59.7,6.4,3,51.0,0
87.2,8.91,2.3,56.8,7.2,1,76.8,2
52.0,6.73,3.6,97.2,6.9,0,69.8,1
80.5,8.84,2.1,55.2,6.0,1,77.2,1
72.1,7.26,1.0,89.9,7.0,0,55.0,0
100.0,8.92,4.7,100.0,6.7,2,98.5,2
75.4,7.51,2.8,100.0,5.4,2,79.2,1
100.0,8.22,2.2,93.3,6.5,2,93.0,2
61.4,8.06,1.9,92.8,7.5,2,83.5,1
86.8,7.95,4.1,100.0,7.5,0,81.0,2
82.8,7.62,5.6,38.0,6.5,3,75.7,2
65.0,6.92,2.9,71.6,7.6,0,65.3,0
80.7,9.5,3.2,95.3,5.6,2,92.8,2
96.2,6.11,5.1,73.9,5.7,2,55.5,1
73.1,7.21,0.8,100.0,6.5,1,60.7,1
52.6,7.22,6.5,79.3,8.6,1,66.7,1
77.7,7.68,7.2,82.4,7.0,1,83.6,2
64.5,6.68,0.0,75.1,6.5,3,55.0,0
72.9,7.58,3.4,70.6,8.7,1,62.7,1
76.8,7.0,2.4,70.2,6.5,3,72.2,1
52.4,5.3,3.1,84.9,9.5,1,49.7,0
53.8,7.21,2.9,66.1,6.2,0,73.2,0
85.2,5.88,4.7,97.2,5.6,0,65.9,1
70.2,5.12,3.3,91.8,6.6,2,55.2,0
39.5,7.36,2.1,99.8,6.5,1,65.5,1
89.8,7.79,3.2,59.7,5.8,1,84.4,1
82.1,7.83,4.3,49.4,9.9,2,80.5,2
67.3,7.88,1.7,79.9,7.2,2,75.2,1
58.2,4.88,1.0,100.0,7.4,3,49.3,0
90.5,5.57,6.5,100.0,6.2,1,58.3,1
83.2,9.57,2.5,70.0,6.1,1,86.8,2
100.0,5.94,3.3,87.6,8.0,2,45.5,0
84.3,7.93,2.9,93.1,4.8,2,81.4,1
83.8,6.38,4.3,55.4,5.4,3,67.7,1
75.5,7.3,6.2,100.0,6.5,3,51.6,1
90.3,6.44,4.4,77.0,8.4,2,66.8,0
87.4,7.87,1.2,78.4,6.4,2,89.0,2
96.8,7.36,1.4,80.4,7.3,1,61.6,1
70.2,6.66,2.9,100.0,6.8,1,64.0,1
71.5,5.94,3.1,66.4,8.4,2,57.0,0
70.8,7.52,0.9,49.3,4.9,3,85.2,1
89.9,5.74,4.7,85.8,7.7,2,65.8,1
100.0,7.71,1.9,43.2,6.6,2,66.5,1
71.1,10.0,5.7,74.6,7.9,1,95.7,2
71.6,8.82,6.2,100.0,5.8,1,100.0,2
82.7,8.06,3.1,90.4,6.8,1,71.5,1
74.3,7.1,4.2,98.8,6.7,2,68.2,1
92.3,4.87,1.7,91.2,5.6,0,53.5,0
44.2,5.61,4.4,100.0,5.3,1,50.8,0
65.6,8.74,2.8,69.4,6.1,1,96.4,2
66.3,6.25,1.9,87.2,7.0,1,57.4,0
43.2,6.36,3.1,72.1,5.9,3,51.0,0
63.5,7.0,2.8,97.2,6.4,1,63.3,1
64.3,5.93,3.0,78.9,4.5,1,63.6,0
75.0,5.73,4.9,100.0,6.4,3,50.3,0
94.7,7.14,2.3,70.4,8.0,5,71.1,1
74.3,6.13,6.1,100.0,7.6,1,64.6,1
62.5,6.31,1.5,90.7,6.7,2,52.0,0
77.1,6.26,5.9,79.4,7.1,1,56.7,1
93.7,7.83,2.0,89.8,5.8,0,77.3,2
63.4,6.92,3.5,84.7,8.7,2,72.5,0
64.3,6.99,2.8,86.4,9.3,1,63.1,1
86.4,7.92,3.0,76.3,7.0,1,76.5,2
74.7,7.03,4.7,67.4,9.9,2,65.5,0
87.7,6.87,5.7,74.0,6.0,2,72.2,2
77.8,7.76,5.3,49.7,5.3,0,78.2,1
88.5,8.0,2.9,95.2,5.9,2,73.0,2
62.5,7.02,3.8,57.8,6.5,1,71.5,1
77.8,7.3,2.3,76.1,9.6,0,66.7,0
74.8,6.26,2.0,91.7,6.5,2,64.9,0
59.8,6.17,1.8,95.1,5.8,1,64.2,0
54.5,8.12,2.8,48.1,5.7,2,96.0,1
88.3,7.73,3.9,78.3,8.2,3,71.0,2
72.7,7.75,0.6,88.3,8.0,1,72.7,0
62.7,7.54,3.4,80.9,6.2,0,66.9,1
76.6,7.26,5.8,100.0,4.5,2,61.4,1
94.9,8.04,5.2,65.2,5.4,4,72.7,2
43.8,8.32,2.6,43.1,8.9,1,84.1,1
55.6,8.29,1.4,94.6,7.6,1,84.4,1
64.2,7.08,4.2,70.3,6.9,1,70.5,1
99.9,8.86,0.0,48.3,9.0,2,81.0,2
82.2,7.47,5.2,77.1,9.1,1,67.6,1
89.5,7.96,3.2,100.0,6.8,1,68.3,2
60.9,7.54,6.2,57.3,6.8,1,67.6,1
61.2,7.5,0.9,100.0,6.1,2,61.4,0
84.7,6.32,4.9,64.9,6.5,4,72.6,1
78.9,8.04,3.3,81.6,5.0,2,91.1,2
86.2,10.0,3.0,58.1,5.0,0,77.5,2
75.2,6.75,1.4,80.7,4.7,1,67.7,0
82.2,7.29,4.4,77.6,8.1,0,72.1,2
80.4,6.66,4.5,53.2,4.9,2,66.3,0
89.7,6.61,6.2,100.0,9.1,0,59.5,1
90.1,9.05,5.0,71.1,5.9,0,93.1,2
53.7,6.39,2.6,71.1,8.9,2,65.6,0
44.3,6.63,2.0,97.4,6.4,2,72.6,1
93.0,5.3,1.4,100.0,4.9,2,47.1,0
95.8,6.29,5.7,100.0,8.3,1,50.4,1
62.7,5.15,2.3,58.4,8.5,2,55.3,0
50.1,7.96,5.7,83.9,5.7,0,67.9,1
79.5,10.0,4.3,46.1,6.4,3,100.0,2
92.0,6.76,4.0,96.2,5.7,1,48.4,0
100.0,5.2,3.0,50.6,6.7,1,48.5,0
85.7,8.28,4.5,65.5,6.9,1,73.5,2
72.4,6.33,3.5,79.9,6.4,1,59.1,0
64.6,8.76,2.9,88.0,4.6,2,84.5,1
78.2,6.86,4.5,75.3,6.1,1,69.5,0
73.5,6.44,3.3,100.0,7.6,0,67.9,1
62.8,6.99,2.3,93.0,6.5,2,73.4,1
100.0,8.11,4.4,91.6,6.4,1,75.6,2
100.0,6.93,3.4,57.9,5.7,2,83.7,0
95.0,6.6,4.2,100.0,6.1,2,75.2,1
64.2,6.96,2.8,65.5,8.5,1,64.7,0
90.8,5.67,1.7,100.0,5.4,0,55.1,0
87.6,7.68,6.1,100.0,7.7,2,70.6,2
84.6,5.06,5.8,89.2,6.9,1,53.9,1
96.7,6.67,4.8,98.6,7.1,1,56.9,1
87.5,8.11,2.9,24.5,5.9,2,70.6,1
89.1,7.56,3.0,76.5,6.4,4,55.0,1
87.6,7.91,5.6,99.8,6.8,1,72.0,2
83.1,7.12,3.0,96.6,6.2,0,77.1,1
51.2,8.6,2.6,58.0,7.2,4,79.9,1
79.3,8.31,6.3,74.7,7.3,2,77.9,2
69.7,7.74,3.4,34.3,9.4,2,76.0,1
58.8,8.31,6.2,87.4,7.1,1,70.6,2
100.0,8.1,1.4,46.1,4.5,2,77.1,1
100.0,6.67,4.3,100.0,8.2,0,71.8,2
98.4,5.59,6.6,100.0,6.6,1,57.9,1
81.8,7.7,3.5,71.5,9.2,0,81.3,2
98.3,7.86,3.1,89.4,8.6,1,84.9,2
78.2,8.51,1.7,76.1,6.2,4,85.6,2
81.0,6.08,5.1,84.4,7.7,1,53.9,0
61.6,6.11,2.3,59.3,6.1,1,57.2,0
84.0,7.75,3.4,91.2,6.8,0,89.3,1
78.9,7.11,1.6,50.5,7.6,1,71.0,1
58.5,4.94,5.8,47.1,8.1,1,51.4,0
77.2,7.65,5.2,77.8,7.9,0,66.1,1
76.8,4.98,3.5,76.2,6.9,1,49.6,0
100.0,6.07,1.8,84.9,9.8,1,65.3,0
91.4,8.82,5.8,68.3,6.4,3,83.1,2
78.2,9.39,3.0,100.0,4.9,3,83.7,2
81.7,5.74,1.8,82.9,5.1,0,54.5,0
78.7,6.8,0.9,84.2,8.6,0,75.4,0
75.0,7.25,2.5,83.6,6.7,1,75.0,1
61.8,9.34,1.3,98.1,7.0,1,91.6,2
75.7,6.61,2.6,90.4,6.1,1,67.7,0
66.8,6.63,4.6,88.0,6.3,1,54.9,1
59.2,9.06,2.9,93.2,5.9,2,87.2,2
85.7,6.75,4.0,47.2,7.4,4,73.9,2
83.9,8.07,2.4,47.8,6.7,4,74.5,2
51.2,5.43,3.6,78.6,7.3,0,62.0,0
76.2,6.99,6.4,76.4,7.2,4,71.8,2
92.9,5.21,3.0,90.4,6.3,1,58.9,0
93.9,5.93,4.1,80.4,5.0,0,58.8,0
93.4,8.21,1.2,90.5,4.9,2,84.9,2
78.6,7.14,5.8,57.6,10.0,2,57.0,1
65.3,6.82,2.8,79.8,8.6,3,66.2,1
61.7,6.3,5.1,55.9,8.4,1,67.3,0
83.2,6.94,3.3,87.0,6.0,1,69.3,1
83.7,7.56,4.4,46.2,6.8,4,81.0,1
97.3,8.38,4.5,86.3,5.8,1,78.0,2
94.5,4.05,2.8,53.6,5.2,1,38.0,0
76.0,6.2,5.1,73.1,6.1,1,47.6,0
59.3,7.39,2.4,96.1,8.4,2,68.6,1
73.2,7.08,4.7,84.1,7.8,1,72.3,1
81.3,7.68,2.9,50.4,5.6,3,79.4,1
75.0,7.52,4.0,67.9,6.4,1,60.7,1
69.3,6.83,2.8,53.0,7.7,0,75.5,1
81.8,6.57,3.6,49.5,6.1,0,56.0,0
70.4,6.91,1.9,82.1,6.9,0,65.7,0
68.6,8.58,3.9,90.1,7.3,1,76.4,2
82.7,6.32,3.6,87.9,7.3,2,65.1,1
72.0,7.12,2.7,90.8,7.1,0,69.3,1
81.7,7.42,3.4,79.8,6.0,1,76.5,1
82.1,9.07,3.7,75.1,6.1,1,99.9,2
60.9,6.84,2.6,60.7,5.4,3,69.3,0
70.8,8.35,3.3,72.1,4.9,1,74.4,2
99.6,8.68,2.0,56.2,6.7,1,85.5,2
60.6,7.12,7.0,64.8,7.8,0,84.1,1
46.3,6.95,5.1,81.6,5.1,1,72.3,0
50.1,6.81,3.9,77.9,7.1,2,73.4,1
78.4,6.89,5.3,100.0,7.7,2,53.8,1
78.5,8.23,0.5,55.8,4.6,1,81.0,1
76.2,7.48,0.0,77.7,6.5,1,69.4,1
96.2,7.48,2.9,54.4,8.8,2,66.2,1
37.9,5.85,1.4,73.0,7.5,2,57.5,0
83.9,6.04,3.1,73.8,4.6,2,60.2,0
100.0,9.77,3.8,95.2,7.6,2,86.1,2
61.1,6.99,4.9,71.9,5.9,3,68.9,1
72.3,6.27,1.8,76.6,7.6,1,59.9,0
66.7,8.92,4.1,72.3,6.0,0,89.4,2
64.6,7.54,3.5,54.8,6.7,2,73.9,1
73.1,7.89,4.0,68.3,6.2,1,78.1,2
99.4,7.03,2.7,73.1,6.8,4,75.6,1
100.0,6.82,5.6,81.3,6.1,0,70.4,1
73.0,7.0,3.3,90.1,6.5,1,67.4,1
100.0,5.54,6.2,75.8,5.4,2,38.4,1
78.5,7.09,2.3,75.5,7.4,1,72.4,0
100.0,7.56,4.6,49.0,7.0,1,64.9,1
76.6,9.42,3.4,89.7,4.9,1,87.4,2
80.0,7.3,3.0,67.5,8.0,2,73.0,1
83.5,4.4,4.4,93.4,6.6,1,56.1,0
100.0,7.09,3.1,100.0,7.0,1,83.0,2
90.8,10.0,0.0,76.6,7.7,1,85.6,2
67.4,8.24,0.0,61.6,7.2,1,67.5,1
92.5,6.23,5.4,79.7,8.2,1,63.5,1
72.6,7.91,5.3,86.3,6.4,2,77.2,1
70.7,6.31,6.3,74.3,8.0,2,52.0,1
91.6,5.58,3.5,69.8,6.9,4,55.3,0
78.5,6.78,1.6,90.1,7.4,2,70.4,1
82.2,7.31,2.9,89.0,7.3,0,60.3,1
78.2,4.95,3.5,73.8,8.3,1,42.1,0
83.0,5.82,2.0,50.2,7.7,2,52.3,1
84.4,7.21,6.0,88.2,6.3,3,67.6,2
48.9,6.71,6.9,66.2,6.0,1,70.6,0
88.0,7.67,4.2,83.9,6.7,1,70.6,2
63.3,5.74,3.5,82.7,5.9,0,57.3,0
56.4,8.06,1.6,46.0,5.5,2,94.5,1
77.1,5.78,5.8,81.5,4.2,1,49.5,0
79.3,9.17,3.6,89.3,4.9,1,80.7,2
67.6,5.14,3.1,91.5,9.2,0,57.1,0
90.5,5.89,4.2,82.1,6.0,0,66.0,1
57.9,7.7,2.6,44.4,9.1,2,76.8,1
71.9,9.2,3.7,100.0,7.3,1,100.0,2
69.2,7.58,1.3,87.4,6.7,4,75.0,1
77.3,7.88,5.1,58.3,5.0,1,59.1,1
82.2,7.22,3.3,65.8,6.8,0,70.2,1
62.9,5.97,5.2,84.2,9.1,2,54.2,1
88.9,6.61,3.2,92.2,8.7,3,75.3,2
78.9,5.75,3.3,71.2,7.1,1,64.6,0
49.6,5.67,1.7,94.9,5.4,2,43.4,0
48.6,7.68,4.6,47.7,5.7,2,84.1,1
77.8,5.85,2.2,61.2,5.8,0,65.3,0
74.7,7.58,2.8,42.8,8.3,2,69.9,1
76.4,5.64,3.5,63.8,8.8,1,55.3,0
77.6,7.56,3.7,100.0,7.0,2,83.4,2
81.4,6.61,0.9,100.0,6.4,2,48.4,0
92.2,8.89,3.2,84.2,8.7,0,87.1,2
61.3,7.59,4.7,68.5,5.6,1,81.2,1
60.4,8.68,2.9,76.0,6.9,2,81.1,2
61.6,6.29,3.2,88.5,7.4,0,66.7,0
82.3,7.27,3.7,51.9,5.8,0,70.6,1
96.7,6.02,3.3,69.7,6.0,0,52.9,1
71.5,6.7,2.0,100.0,5.9,2,58.5,0
40.5,6.89,3.4,61.2,8.5,2,72.2,0
52.4,6.33,5.0,66.5,9.1,1,56.7,0
65.5,5.74,1.9,80.2,6.9,1,44.6,0
69.6,5.5,2.9,85.1,6.5,2,55.8,0
71.9,4.39,1.4,68.7,6.1,1,41.2,0
78.6,5.93,4.9,81.4,6.8,0,48.8,0
73.3,7.95,3.4,90.9,6.1,0,76.2,2
93.7,5.28,2.2,100.0,6.7,4,59.0,0
67.9,5.56,3.6,77.7,7.3,5,55.4,0
65.1,9.35,1.7,79.3,6.3,3,78.9,2
85.2,6.44,1.9,100.0,6.6,0,66.6,1
55.0,7.59,1.3,70.1,6.6,6,80.8,1
83.8,7.97,1.9,56.2,6.4,0,93.5,2
79.5,8.0,5.5,84.5,6.3,1,87.5,2
75.8,5.37,2.4,99.4,7.7,2,45.6,0
100.0,6.92,4.2,86.5,4.7,1,73.7,1
68.7,5.26,2.2,78.3,8.7,1,54.7,0
100.0,10.0,4.6,53.9,7.0,2,83.8,2
74.6,5.29,2.0,78.9,7.5,1,55.2,0
58.8,5.94,3.6,100.0,7.7,1,73.9,0
79.0,5.95,3.6,57.8,6.0,0,68.2,1
61.9,5.4,7.0,75.6,5.7,1,45.8,0
66.7,8.82,4.4,73.0,5.6,1,83.1,2
84.0,10.0,2.6,67.4,6.5,2,96.9,2
86.3,6.63,4.5,84.5,7.6,2,50.5,1
68.7,5.62,6.7,88.0,6.1,1,42.2,1
92.8,4.52,1.1,87.8,7.5,2,47.6,0
95.4,6.91,2.2,62.4,4.0,3,68.1,1
99.5,6.82,3.1,50.4,6.3,3,51.3,0
85.9,6.42,2.9,84.7,8.2,1,65.7,1
98.5,7.47,3.0,70.9,6.6,2,80.2,2
49.8,7.67,1.5,100.0,5.8,0,71.5,1
73.2,7.59,5.6,100.0,6.0,4,73.0,1
65.0,6.82,1.4,100.0,3.2,3,70.5,0
79.8,5.88,3.2,63.1,5.6,1,61.5,0
69.4,8.0,5.1,90.2,8.1,0,62.6,1
75.5,7.22,3.5,95.7,6.1,2,62.1,1
100.0,8.27,2.0,93.7,6.2,0,75.1,1
75.5,8.15,1.5,73.6,4.0,5,70.4,1
84.2,5.49,3.2,100.0,4.8,2,66.4,1
74.5,5.48,2.4,80.0,8.2,1,59.6,0
79.1,6.29,3.8,82.3,7.5,2,52.6,1
78.1,5.93,1.4,52.3,5.2,1,56.7,0
84.7,8.11,4.7,91.6,6.0,1,85.9,2
95.5,7.62,3.7,75.3,6.8,0,67.6,1
100.0,8.52,3.8,88.4,5.4,3,87.2,2
82.6,7.68,5.7,84.2,4.4,0,84.3,2
86.8,7.45,2.8,83.3,6.6,1,81.1,1
60.7,8.64,2.4,79.2,7.5,2,82.9,2
76.7,7.76,2.7,94.2,7.5,2,84.0,2
92.1,7.28,3.2,76.4,7.9,0,65.7,1
91.0,8.98,3.4,53.8,4.9,1,100.0,2
81.2,7.34,2.3,90.2,6.9,4,72.3,1
91.3,6.83,0.5,65.4,6.5,1,75.3,1
85.4,6.19,2.7,56.2,6.7,1,57.8,0
96.0,8.04,4.0,61.6,6.5,2,80.4,2
82.3,8.68,3.7,85.1,6.0,3,86.2,2
72.7,7.14,5.3,78.3,3.2,0,61.3,0
83.0,8.77,6.4,41.6,8.2,3,74.9,2
34.0,4.84,4.6,73.1,7.2,0,47.5,0
83.7,7.13,5.6,100.0,5.0,1,77.5,1
30.0,7.15,4.7,71.9,7.4,1,54.1,0
52.1,6.33,6.1,77.0,6.3,2,58.9,0
84.8,10.0,6.3,98.8,6.3,1,100.0,2
85.2,7.12,4.9,94.3,5.9,1,58.7,2
60.6,6.71,4.6,98.4,7.4,1,75.1,1
67.3,7.23,3.2,30.1,5.8,0,60.4,0
98.6,4.8,3.4,100.0,5.5,1,41.4,0
70.7,6.29,3.0,91.5,8.2,3,60.3,1
100.0,8.38,4.4,100.0,6.6,0,94.2,2
78.0,6.45,2.4,65.9,6.6,1,57.7,0
84.1,6.21,3.2,48.3,7.6,1,46.9,0
100.0,8.77,0.0,80.1,6.0,1,71.3,2
80.0,8.81,6.1,75.0,6.2,1,90.3,2
63.0,7.82,3.2,91.8,7.2,3,63.6,2
76.4,6.65,4.2,99.3,5.0,0,74.1,1
77.5,6.91,5.7,78.4,7.1,3,67.3,2
57.5,6.24,4.0,75.7,5.9,1,60.7,0
74.2,6.01,5.7,89.4,7.8,1,61.4,0
66.9,5.95,1.6,75.4,7.5,1,52.1,0
91.9,6.46,7.1,73.9,7.3,4,64.0,1
78.5,5.96,5.1,98.7,4.9,3,49.1,1
73.8,5.32,3.8,100.0,6.7,1,64.0,0
76.4,7.46,5.6,99.5,5.4,1,63.2,2
81.3,7.48,1.7,77.0,6.8,2,75.1,1
87.3,9.24,3.1,41.5,4.0,1,78.3,2
63.0,6.4,5.7,77.3,5.0,1,58.1,0
62.4,7.56,0.7,66.4,8.2,2,69.2,1
94.6,7.58,4.3,77.7,7.2,1,96.2,2
71.8,6.9,4.3,67.9,6.4,2,66.5,1
56.7,8.09,6.5,79.6,5.7,2,70.2,2
84.7,8.13,1.1,61.3,5.5,0,73.6,1
85.0,7.59,5.9,56.9,7.0,2,60.5,2
55.0,6.89,2.7,100.0,6.4,3,65.3,1
81.4,6.77,2.8,62.5,8.7,0,80.4,0
89.0,5.56,1.7,80.0,6.6,2,57.9,0
83.6,6.23,1.9,97.2,6.9,1,68.2,1
87.5,6.45,4.1,96.5,5.1,1,55.6,0
56.9,5.85,1.8,94.3,6.4,2,56.1,0
83.0,7.73,4.6,85.5,7.0,3,75.3,1
73.5,8.64,2.5,93.0,6.4,3,75.6,1
70.8,6.11,1.7,100.0,6.2,0,63.1,0
91.1,7.54,2.7,87.7,7.2,4,77.0,1
100.0,5.96,4.0,46.9,8.6,1,63.0,0
100.0,6.83,3.1,70.5,7.0,0,64.9,2
97.7,6.37,3.6,92.5,8.2,0,70.9,1
76.4,7.92,4.5,68.7,7.5,1,73.3,2
83.3,6.39,5.1,100.0,8.1,1,59.5,1
89.5,8.41,3.0,78.9,6.1,1,91.1,2
79.8,6.91,1.9,81.5,6.6,0,57.8,0
80.0,6.42,3.6,100.0,6.6,1,49.0,1
90.4,5.7,4.2,76.7,7.5,3,49.5,0
77.1,7.5,1.3,83.2,7.8,0,74.9,1
67.1,8.27,2.2,96.2,7.0,2,88.6,2
71.8,7.53,2.4,53.5,7.9,0,66.7,0
87.5,9.89,3.2,74.9,6.1,2,100.0,2
78.0,8.92,2.4,94.9,7.9,2,84.0,2
83.1,6.83,4.6,81.2,8.0,2,65.1,1
88.1,6.82,1.1,100.0,7.6,1,59.2,1
72.4,7.76,1.1,51.6,7.0,4,89.6,1
89.3,6.19,3.0,49.6,7.7,1,59.4,0
83.7,8.6,3.2,93.9,5.7,2,70.4,2
59.5,7.63,1.3,95.6,7.0,1,92.5,2
99.6,7.51,2.6,76.5,7.2,1,75.0,2
70.5,8.02,2.9,87.2,5.2,1,82.6,2
53.2,9.27,2.9,93.4,7.4,3,100.0,2
62.3,7.41,3.7,65.4,5.3,3,75.9,0
62.7,7.06,2.5,67.3,6.3,1,75.8,0
78.8,9.01,5.7,83.4,6.8,0,85.0,2
73.9,8.36,4.2,96.3,5.9,1,84.9,2
72.9,6.81,2.3,59.0,6.9,1,65.7,1
87.3,7.21,3.6,76.4,6.9,2,69.1,1
83.1,7.43,3.7,75.6,5.8,1,72.2,1
82.7,7.63,5.3,87.5,7.5,0,69.7,2
84.1,5.57,2.6,79.8,5.9,0,59.4,0
87.2,5.35,4.7,70.2,9.5,2,57.5,0
46.4,6.14,3.6,100.0,6.7,1,66.7,1
72.5,6.04,5.7,70.3,5.4,3,64.5,1
45.3,6.43,5.4,74.7,5.6,2,78.6,0
78.5,7.96,3.8,51.4,8.2,4,84.1,2
77.9,7.0,3.1,67.2,6.3,3,65.8,0
93.7,7.44,4.3,89.3,5.2,3,74.8,1
95.8,5.73,3.2,85.8,7.8,0,68.0,0
81.0,6.65,6.0,90.8,6.3,2,56.9,1
70.5,7.9,3.6,89.9,7.6,6,91.3,2
85.3,7.91,2.9,100.0,7.9,5,69.1,2
70.1,6.33,2.8,66.5,7.1,0,69.0,0
78.0,7.39,1.7,50.9,9.7,1,70.9,0
92.8,9.84,4.3,61.1,4.7,1,91.2,2
69.6,7.18,2.3,67.3,5.8,0,58.6,0
90.1,6.37,5.1,62.5,6.5,1,69.4,1
88.2,6.99,1.6,81.7,9.5,0,57.1,0
63.7,7.31,3.7,100.0,9.0,0,58.6,0
92.6,7.02,5.2,100.0,8.3,3,76.9,2
88.5,7.16,0.3,89.1,5.8,0,83.2,1
79.5,5.47,6.5,100.0,6.0,4,49.1,0
66.6,6.04,2.9,73.6,5.8,2,67.4,0
65.1,7.02,3.7,50.6,5.9,0,74.0,0
69.9,7.0,4.4,99.0,8.6,3,66.8,1
86.1,6.52,4.6,46.9,6.5,0,74.1,1
63.7,6.99,3.9,66.4,6.7,2,66.1,1
84.6,7.27,5.0,89.4,7.7,4,74.0,1
59.4,8.27,4.3,78.2,4.8,4,68.2,1
74.9,7.08,6.1,76.6,6.9,2,58.5,1
79.6,7.68,4.3,58.7,5.5,2,82.6,1
100.0,6.55,6.4,79.8,6.4,1,68.1,2
57.3,7.89,4.9,98.1,6.1,3,73.9,2
100.0,7.65,0.8,80.4,6.0,0,88.3,1
80.2,8.24,7.4,65.1,7.1,2,93.2,2
84.2,8.06,2.6,57.5,7.1,1,80.0,1
79.8,7.91,5.7,65.4,6.5,0,63.6,1
84.7,7.08,3.5,87.1,7.2,2,67.3,2
75.7,7.49,5.1,86.2,5.8,3,65.0,2
99.8,8.48,2.5,65.6,7.6,0,80.8,2
71.2,6.42,4.4,40.2,6.6,0,55.1,0
95.0,6.45,3.1,87.6,6.2,0,53.2,1
68.3,7.42,5.9,63.8,5.8,4,52.9,0
77.1,7.7,4.2,92.4,6.5,3,74.8,2
61.9,6.21,4.9,66.4,9.0,0,42.4,0
84.8,7.11,0.3,62.2,6.7,2,65.9,0
99.7,7.09,3.4,82.8,5.4,3,73.8,2
76.8,4.54,4.1,100.0,7.9,2,40.8,0
75.0,6.94,3.8,93.5,6.2,1,58.3,1
61.3,7.01,4.9,82.5,7.1,6,67.1,0
74.6,7.01,3.0,86.5,6.1,1,60.9,1
54.1,8.9,3.6,48.5,8.3,1,85.1,2
64.3,5.74,5.3,59.8,6.1,2,48.5,0
81.4,6.21,0.1,34.8,8.5,1,60.0,0
97.8,4.07,4.4,100.0,5.5,0,39.8,0
100.0,6.62,3.0,100.0,6.4,1,64.2,1
69.2,6.73,2.1,87.1,8.5,2,78.2,1
99.5,6.59,4.0,82.4,7.0,1,65.6,1
81.7,8.53,5.3,52.1,9.5,1,84.5,2
75.7,8.23,5.1,76.1,6.5,1,73.0,2
84.5,7.29,3.3,100.0,7.1,2,71.8,1
78.9,6.76,4.8,82.4,9.1,3,63.2,1
79.7,8.43,4.8,69.8,5.0,1,79.9,2
71.9,7.18,3.4,48.4,4.8,1,74.2,0
57.0,6.22,2.5,100.0,5.8,2,56.9,0
54.8,5.14,2.5,78.7,7.8,1,48.5,0
87.8,6.67,4.8,48.4,4.9,0,60.8,1
73.8,8.11,3.4,63.4,7.5,2,72.9,2
69.1,9.93,1.9,57.0,7.4,2,93.8,2
78.1,7.27,1.0,77.6,9.2,1,66.9,1
89.9,6.28,4.7,83.7,8.1,0,73.4,1
80.7,5.78,2.7,70.9,7.2,2,78.5,1
68.2,7.86,4.0,94.0,8.4,2,70.3,1
96.4,5.08,5.4,81.4,7.4,1,53.6,0
100.0,7.86,1.5,99.1,6.2,2,83.1,2
85.4,8.18,3.4,73.6,5.4,1,75.4,1
92.6,7.72,3.2,100.0,6.1,5,65.7,1
96.6,6.94,4.1,69.8,6.8,0,80.9,1
95.0,7.88,5.4,63.7,7.0,1,80.5,2
87.2,7.41,1.5,61.5,4.2,2,73.5,0
87.0,6.27,4.4,76.2,6.5,5,72.9,1
85.8,9.42,5.0,49.0,6.8,1,94.2,2
61.5,6.78,3.2,85.3,7.5,6,65.2,0
88.5,8.13,3.3,45.7,8.8,1,69.3,1
57.7,4.3,4.1,82.9,7.0,0,40.6,0
66.1,8.73,4.0,55.7,5.7,3,91.9,2
97.6,8.96,4.4,73.1,4.6,1,89.6,2
90.6,7.24,4.3,90.9,7.6,2,68.0,2
100.0,7.87,2.0,100.0,5.8,1,89.0,2
73.9,7.87,5.0,60.6,7.8,3,73.6,2
60.7,6.43,5.3,77.3,8.5,1,70.5,0
74.4,7.86,3.8,67.0,4.9,1,76.5,1
79.5,6.23,1.3,64.3,7.5,0,76.4,0
79.2,6.47,3.3,67.1,8.4,0,69.0,0
95.0,8.55,3.8,94.8,8.0,1,81.1,2
72.6,8.37,1.8,71.2,4.3,2,77.7,1
83.3,6.35,3.0,100.0,5.8,0,61.9,1
63.2,6.32,1.4,87.5,5.3,0,55.9,0
84.8,6.43,4.4,61.8,7.4,3,51.7,1
78.0,8.08,3.7,73.4,7.3,0,79.1,2
66.8,6.0,1.0,65.6,3.6,0,54.7,0
74.5,7.63,4.0,94.4,6.4,1,68.5,1
75.2,8.1,3.4,50.5,7.8,1,76.1,1
73.9,7.09,4.3,55.9,7.0,2,68.7,1
100.0,8.41,2.9,69.4,7.0,1,79.6,2
76.5,6.83,2.3,92.3,6.4,2,80.0,1
74.3,6.94,2.3,100.0,5.5,3,72.3,0
46.5,6.03,2.7,100.0,6.8,1,76.1,0
64.6,8.42,3.5,89.5,6.9,1,76.1,1
74.1,6.28,3.7,78.5,7.5,2,67.7,1
67.7,7.62,3.2,94.3,7.6,3,69.7,1
98.7,7.11,2.9,59.4,6.9,1,64.0,1
75.5,5.94,3.0,46.8,8.1,1,75.6,0
97.3,6.47,7.3,87.9,6.4,1,56.8,2
78.9,8.86,2.3,61.9,5.1,0,65.5,2
78.6,7.44,2.7,78.8,7.4,4,65.6,1
76.7,5.99,8.4,82.2,7.0,1,42.8,1
78.1,7.57,4.1,84.5,7.4,1,64.7,1
100.0,7.02,1.4,96.9,5.3,2,60.8,1
43.2,10.0,4.8,95.0,8.9,1,93.3,2
48.0,7.54,2.1,83.5,7.7,4,55.7,0
69.9,6.74,4.9,72.0,6.5,2,74.9,1
78.2,8.9,3.2,81.9,5.7,1,68.7,2
88.4,4.99,2.8,69.3,8.1,1,49.4,0
85.1,7.31,5.9,76.5,5.5,1,67.6,1
72.2,9.59,4.3,100.0,9.5,1,96.1,2
93.3,7.06,5.0,83.3,6.1,1,70.8,1
93.5,5.12,4.2,88.1,8.9,1,61.0,0
80.8,6.72,2.8,67.3,6.6,1,62.3,1
92.4,8.95,4.4,98.4,8.7,2,80.3,2
82.1,7.65,5.3,93.7,5.9,2,76.3,2
69.6,6.19,3.7,93.8,6.8,1,68.9,1
88.5,6.38,6.2,83.9,7.8,2,68.8,2
79.7,6.53,4.8,98.6,7.6,4,66.1,1
78.0,7.63,3.8,100.0,8.1,2,74.7,2
100.0,8.81,3.9,85.1,6.2,1,82.6,2
41.2,8.46,3.7,77.9,6.9,0,83.2,1
56.7,7.75,1.6,96.1,8.3,3,90.1,1
60.2,5.6,3.4,63.7,6.0,1,53.7,0
72.6,5.61,3.8,67.1,7.5,1,52.7,0
74.2,7.84,2.9,79.0,6.5,1,71.1,2
55.4,5.59,4.0,48.7,7.0,0,58.6,0
63.2,6.93,3.5,94.9,6.9,0,49.9,0
65.1,7.56,4.7,62.7,5.9,1,71.2,0
100.0,5.83,4.5,71.5,6.5,2,64.6,0
100.0,5.97,3.8,76.2,7.0,3,54.5,1
71.8,7.09,1.4,80.7,6.7,2,69.7,1
72.5,7.8,6.2,73.8,8.7,1,91.2,2
60.8,8.47,3.3,78.8,8.0,1,82.7,2
49.4,7.93,3.4,78.9,7.1,3,57.5,0
76.2,7.29,3.0,72.0,5.9,1,58.7,0
63.0,6.3,2.8,66.1,5.8,3,59.6,0
76.7,5.91,5.8,99.5,9.2,1,51.8,1
54.0,6.59,5.6,42.1,5.6,2,64.8,0
66.6,7.69,4.2,76.3,6.9,2,71.0,1
80.2,7.6,3.3,71.6,7.2,1,82.0,2
83.5,4.68,4.4,87.5,6.4,2,39.1,0
84.3,6.26,3.6,53.8,5.6,1,59.5,0
58.2,8.65,3.2,71.0,5.9,0,83.2,1
90.8,7.3,4.0,78.2,6.1,1,72.7,2
66.0,5.5,2.8,99.3,5.9,0,55.9,0
87.5,10.0,3.9,86.0,8.4,2,73.7,2
77.8,7.17,3.8,58.7,6.8,1,69.6,0
57.4,7.66,4.4,71.2,6.2,2,71.9,1
73.3,7.68,2.6,95.9,6.9,0,80.2,2
83.5,6.76,4.6,58.4,7.6,2,71.2,1
87.2,6.33,2.1,78.6,6.4,2,63.7,1
75.9,9.75,2.6,79.8,7.9,2,93.3,2
100.0,8.4,2.7,73.1,5.3,2,90.3,2
93.1,8.19,1.9,100.0,8.2,0,86.8,2
74.2,7.89,5.0,72.6,6.8,1,77.3,2
89.3,6.0,2.0,88.1,6.7,1,76.1,0
100.0,8.73,2.5,66.2,6.0,3,77.2,2
100.0,6.19,5.4,89.5,5.3,0,51.1,1
59.6,7.54,2.6,95.7,4.8,1,72.0,0
64.1,5.23,3.2,69.4,5.9,3,49.5,0
100.0,4.75,2.0,79.0,7.5,2,28.7,0
62.1,7.58,4.7,63.9,5.6,2,67.2,1
58.2,6.23,4.8,59.4,4.9,0,63.7,0
70.7,4.81,4.6,98.7,5.7,0,48.4,0
84.3,7.85,4.3,70.0,6.3,2,68.5,2
76.5,9.74,3.6,36.6,6.4,0,91.2,2
68.2,8.87,2.7,100.0,6.6,4,84.4,2
67.9,6.89,2.3,65.6,8.0,0,72.3,0
67.3,7.21,5.4,75.6,8.3,1,64.2,2
64.8,8.27,4.6,100.0,9.2,2,85.2,2
100.0,8.55,2.5,77.4,4.9,1,71.9,1
82.5,6.79,3.6,77.1,5.8,2,61.7,1
91.3,7.24,3.0,57.9,7.6,0,83.1,1
70.7,7.56,1.8,50.6,6.3,4,64.1,1
75.2,7.86,3.8,77.0,7.8,2,69.6,2
67.3,7.04,2.9,86.5,7.0,2,57.8,1
38.2,7.06,2.1,85.5,8.7,1,61.4,0
57.3,8.86,1.3,71.3,8.1,0,84.4,1
50.8,8.65,1.2,80.4,8.1,1,87.2,1
44.3,7.77,2.9,46.9,6.3,0,73.9,1
60.1,9.26,3.4,88.3,6.7,2,84.1,2
97.9,6.74,2.2,82.9,6.4,1,55.3,1
77.3,9.15,4.5,100.0,5.0,1,79.9,2
97.4,7.85,3.4,80.1,8.6,0,62.4,1
84.2,10.0,4.4,63.0,7.7,6,98.9,2
89.7,5.77,3.2,79.1,6.4,2,63.5,1
64.5,6.37,2.3,74.1,8.4,1,61.8,0
85.9,7.7,3.7,87.8,6.0,2,77.0,2
88.9,7.68,1.6,80.5,4.6,1,80.3,1
69.4,9.54,4.3,57.3,8.0,2,89.9,2
86.4,6.4,2.1,50.6,5.3,3,73.5,0
86.5,8.29,4.9,84.7,6.6,2,70.2,2
69.8,8.59,3.0,100.0,7.0,1,78.3,2
61.2,8.05,5.1,81.4,7.3,2,72.6,2
60.2,6.05,1.8,94.6,7.8,2,64.6,0
79.3,8.89,2.5,98.2,7.5,1,72.1,2
82.9,8.68,4.1,84.8,7.5,1,93.3,2
66.1,7.92,5.3,65.3,5.9,2,79.8,2
78.4,7.45,6.0,83.5,7.2,2,85.3,2
86.6,7.47,3.6,100.0,5.0,0,71.2,1
87.3,7.11,6.3,89.5,8.7,3,64.0,2
100.0,7.97,3.1,93.5,5.1,2,81.0,2
97.2,7.24,5.1,71.7,6.4,3,77.8,2
63.0,6.18,2.1,76.4,5.2,2,54.8,0
100.0,5.94,4.1,77.9,5.9,2,42.5,0
70.0,6.3,0.0,79.1,6.8,2,46.9,0
93.7,7.47,1.8,100.0,6.2,2,73.6,1
79.0,7.17,4.2,37.8,8.2,1,81.2,1
71.8,7.46,1.5,80.5,7.1,1,61.0,1
50.9,7.8,4.1,78.6,6.2,1,72.1,1
75.4,6.45,4.9,55.3,6.6,0,60.0,0
54.6,8.96,2.7,92.1,8.3,1,99.5,2
92.5,6.88,2.0,67.0,7.9,0,84.5,1
100.0,6.68,2.8,73.6,5.4,2,68.2,1
66.0,7.78,2.1,100.0,6.0,2,81.3,2
82.5,5.0,3.3,98.2,7.4,2,57.4,0
67.1,6.25,3.7,90.3,7.2,1,50.9,0
68.6,8.38,3.0,86.9,5.5,4,84.8,2
89.6,5.12,6.0,77.0,7.7,0,43.3,1
77.4,8.54,2.4,100.0,5.7,2,79.2,2
100.0,9.01,5.6,94.4,8.4,2,93.7,2
70.8,6.76,1.9,66.5,7.4,4,66.1,0
93.0,7.55,3.6,54.8,5.4,2,81.0,1
79.5,8.54,5.3,90.2,6.2,2,91.0,2
89.9,6.64,5.2,79.0,6.1,3,50.4,1
71.3,8.24,2.9,54.3,7.0,3,60.6,0
77.3,6.39,4.3,87.7,6.6,2,71.7,1
76.3,6.63,4.1,75.2,5.4,2,73.9,0
65.5,6.24,2.7,89.6,5.1,2,63.1,1
87.9,7.61,4.4,88.0,7.5,1,75.8,2
87.8,8.59,6.3,69.1,7.1,2,88.2,2
86.9,6.98,4.2,91.4,6.9,0,74.3,2
100.0,5.67,4.3,71.0,7.1,0,53.8,0
99.7,5.9,4.5,72.2,6.1,0,65.8,1
72.4,7.67,1.3,70.4,7.0,0,70.5,1
83.6,9.41,4.2,100.0,9.8,1,90.0,2
68.6,7.67,2.0,74.9,8.2,1,74.8,1
78.4,6.74,2.6,100.0,6.5,0,58.4,0
69.0,8.12,6.7,100.0,6.2,0,71.1,2
100.0,6.91,3.1,66.7,3.4,0,84.6,1
83.5,6.75,2.4,27.4,8.1,1,58.2,0
74.7,6.05,5.2,98.8,7.7,2,62.4,1
95.9,8.89,2.1,73.8,6.1,0,88.2,2
45.4,4.15,2.8,64.4,5.1,2,42.9,0
47.8,8.16,5.4,69.4,5.4,5,82.7,1
89.9,6.64,3.6,72.5,7.3,2,67.1,2
78.9,6.71,1.2,100.0,6.7,1,58.1,0
81.8,9.23,4.3,82.9,7.6,3,90.8,2
58.1,6.34,2.9,100.0,6.9,1,57.6,1
77.7,6.38,5.8,88.9,8.0,2,76.2,2
100.0,7.04,2.6,74.4,7.2,1,71.3,2
90.4,7.7,5.1,73.0,7.8,0,67.8,1
80.5,6.67,6.2,90.1,4.3,1,67.4,1
71.4,5.31,2.2,94.8,5.3,2,45.7,0
72.1,6.16,3.2,97.9,6.4,6,62.4,1
46.1,8.74,4.1,75.3,8.1,0,80.5,1
81.9,7.29,2.2,83.2,9.1,1,63.3,1
90.7,7.74,3.9,90.5,6.6,2,67.1,1
54.4,6.89,3.2,73.1,6.1,1,86.0,0
68.1,6.41,3.1,59.6,4.5,0,63.2,0
60.6,9.21,3.6,65.5,7.8,3,82.9,2
63.5,6.97,3.6,75.7,6.1,3,62.4,0
78.8,6.67,3.7,91.9,10.0,1,68.4,0
46.7,8.52,2.6,100.0,5.9,1,75.3,1
87.2,6.33,2.7,55.6,9.3,2,53.1,1
89.3,6.49,3.3,69.2,7.7,1,62.9,0
74.2,7.21,3.4,73.6,5.6,4,69.0,1
40.8,7.2,2.8,94.3,7.1,1,65.9,0
63.1,7.51,4.0,70.5,7.7,1,64.7,1
96.5,9.71,0.8,72.3,6.5,1,87.4,2
36.3,7.6,2.4,54.6,7.8,4,68.9,1
72.8,4.35,3.1,88.7,7.8,2,40.1,0
60.3,7.59,2.2,77.1,7.5,0,74.7,0
90.1,7.25,5.9,68.2,6.8,2,87.4,2
67.9,7.25,3.5,75.3,5.4,1,80.3,1
84.1,7.5,3.8,100.0,6.7,2,87.2,2
86.5,7.17,2.8,61.9,7.0,2,64.4,1
100.0,7.14,3.5,64.9,4.5,1,82.1,0
75.0,7.94,1.7,100.0,7.0,3,77.3,1
83.6,6.55,3.2,81.4,6.7,0,71.6,1
55.7,6.06,2.1,92.1,5.2,2,63.2,0
95.9,10.0,3.1,87.2,6.4,3,90.3,2
66.6,6.34,0.0,79.4,6.4,0,67.7,0
69.6,7.32,1.8,73.7,9.1,3,74.1,2
77.7,5.41,5.7,95.0,7.1,0,39.8,0
54.6,7.34,4.7,100.0,8.0,0,69.4,1
81.4,6.08,5.5,99.5,6.7,0,66.7,1
92.5,6.67,5.6,58.7,4.6,4,66.9,1
82.4,8.45,4.5,100.0,7.6,2,83.6,2
54.2,7.77,2.8,73.6,6.0,3,68.0,1
76.1,7.88,1.9,66.4,6.4,3,77.0,1
89.1,5.07,5.2,77.0,5.5,0,50.4,0
49.8,9.4,3.6,95.0,6.9,1,86.3,2
61.9,5.77,7.2,89.7,8.1,0,51.6,0
91.1,9.03,3.0,75.4,7.9,1,92.1,2
82.1,8.43,6.5,95.1,8.7,2,82.4,2
84.2,7.89,3.3,82.5,8.9,2,77.0,2
100.0,6.17,5.5,69.7,4.3,0,76.9,1
85.0,7.38,6.0,67.3,5.4,1,74.5,1
87.9,6.63,2.0,87.4,4.6,2,74.0,0
100.0,7.23,2.8,78.5,7.6,0,71.7,2
74.8,6.9,2.0,55.2,6.0,2,63.8,1
66.0,4.75,1.7,95.2,6.2,1,39.9,0
84.4,8.55,4.5,71.4,6.5,1,82.6,2
84.6,7.1,3.2,100.0,7.3,1,47.1,1
70.1,6.62,3.6,54.7,5.0,2,66.4,0
62.5,6.53,4.3,76.7,5.3,4,66.0,1
100.0,7.63,0.7,67.4,6.8,1,71.1,1
82.9,6.13,5.4,62.4,8.2,2,59.3,1
67.0,4.49,3.0,71.2,6.8,1,36.2,0
91.7,7.69,4.3,100.0,5.9,1,84.4,2
76.4,7.82,4.4,82.6,4.2,1,71.8,1
74.2,6.96,5.6,65.7,7.9,0,59.4,1
86.4,5.82,3.3,47.1,5.9,1,61.8,0
58.6,7.31,0.3,49.0,5.4,1,71.0,0
83.3,5.44,3.6,70.3,4.7,6,51.4,0
100.0,5.97,3.8,68.6,5.1,1,55.0,0
85.0,6.3,1.9,76.0,5.6,2,61.5,0
72.4,8.21,3.7,39.1,6.5,0,88.6,1
70.4,6.76,3.0,78.3,5.3,0,69.3,0
71.8,6.66,1.5,98.5,7.0,0,64.4,0
74.2,9.55,4.5,100.0,6.5,1,96.0,2
72.3,7.62,2.7,45.9,9.5,2,73.0,0
91.7,7.61,2.9,65.6,4.8,5,75.9,0
52.0,6.76,2.8,64.6,7.0,3,66.6,0
90.9,6.48,5.4,82.6,7.0,2,67.8,0
72.3,4.58,3.4,58.0,5.6,3,43.3,0
83.7,8.36,3.6,100.0,6.9,2,70.0,2
61.1,7.74,2.8,80.8,7.7,3,81.0,0
97.9,6.99,4.2,77.8,6.9,2,79.4,2
96.7,7.04,5.5,100.0,8.5,1,59.1,2
92.4,8.08,4.5,79.7,4.2,1,78.1,1
55.3,5.33,4.5,87.2,5.8,2,49.8,0
90.4,6.49,4.4,66.5,8.6,1,70.3,1
84.1,5.84,1.4,55.3,7.9,1,59.6,0
53.9,9.33,2.2,69.0,7.4,3,100.0,2
77.6,8.25,3.2,100.0,8.3,1,75.7,2
83.5,4.56,2.4,91.4,4.5,3,59.0,0
86.3,5.38,1.9,84.9,7.8,2,66.8,1
80.7,7.04,0.7,62.4,8.1,2,72.1,1
82.4,6.63,1.5,96.4,6.0,3,64.7,1
100.0,5.61,3.1,55.6,10.0,0,56.5,1
96.4,9.53,3.4,51.8,7.0,1,89.1,2
35.0,7.58,2.3,69.9,4.2,0,81.5,0
73.2,7.77,3.6,100.0,7.3,1,67.1,1
75.5,6.37,2.8,100.0,5.9,2,60.9,1
51.7,8.07,5.1,71.9,8.2,1,74.3,1
79.4,6.74,3.3,67.9,7.5,0,51.5,0
96.7,6.86,4.5,50.5,6.1,2,73.2,2
61.7,7.93,3.8,81.4,8.6,2,83.9,2
83.0,5.25,1.4,82.9,7.9,2,47.5,0
64.3,9.12,3.4,94.2,5.8,0,93.7,2
67.9,7.42,1.6,96.4,6.6,2,58.4,1
100.0,8.74,3.3,76.4,7.4,2,82.5,2
69.9,5.91,2.4,90.0,6.4,5,57.2,0
84.9,6.09,4.1,67.4,6.4,1,60.5,0
49.9,5.81,1.5,89.7,6.8,2,58.0,0
100.0,7.5,3.5,70.9,5.5,1,71.1,2
87.0,7.28,4.4,88.3,4.1,0,66.8,1
75.3,6.64,4.9,86.8,7.1,0,63.6,1
86.6,5.98,2.4,81.2,4.4,1,69.8,0
56.9,5.68,3.5,94.3,5.6,3,51.7,0
95.7,7.14,3.8,51.7,4.7,0,86.7,0
73.1,6.64,5.8,60.8,4.8,2,59.4,1
74.9,6.38,1.3,75.1,7.3,2,64.1,0
70.6,9.06,2.1,54.0,6.5,1,89.5,1
69.3,7.1,7.7,72.7,6.5,0,66.0,2
88.4,8.72,3.1,73.3,5.2,0,93.2,2
81.8,6.56,0.7,100.0,6.0,3,68.1,0
87.8,7.49,2.6,82.6,7.3,4,70.1,2
77.9,7.13,0.0,98.5,6.7,1,79.6,0
85.7,5.16,3.9,85.4,7.8,3,43.8,0
71.7,8.91,4.7,70.4,8.0,0,79.2,2
100.0,7.04,2.1,82.4,6.5,1,72.3,2
54.5,8.1,2.8,93.1,4.6,2,83.2,2
96.9,6.3,4.9,100.0,5.9,0,64.1,1
98.5,7.0,0.9,77.6,6.7,3,66.5,1
65.2,6.16,1.5,50.3,5.9,1,58.3,0
100.0,8.68,3.2,49.1,5.5,3,90.9,2
92.9,7.57,2.4,74.1,6.9,2,74.3,2
92.6,7.64,3.1,37.9,9.7,0,66.0,0
78.4,8.83,1.6,100.0,6.2,1,75.6,2
74.7,8.59,3.8,90.7,6.8,3,93.1,2
74.9,8.12,3.3,68.6,5.2,1,71.3,1
83.9,5.49,4.3,60.0,8.3,1,56.9,0
99.0,6.37,3.8,98.5,7.8,0,72.9,1
80.7,6.0,3.8,60.0,7.8,0,63.3,0
64.3,8.07,1.3,61.7,8.4,1,70.6,1
90.4,7.4,4.2,66.2,6.3,0,62.8,2
91.8,5.53,3.0,82.1,6.4,1,70.0,1
87.8,6.97,3.3,91.2,8.9,2,58.9,1
89.2,5.41,5.1,100.0,7.6,0,49.5,0
73.9,7.14,2.4,98.8,4.1,0,71.6,0
64.1,5.21,5.5,80.0,7.3,2,50.6,1
65.0,7.83,5.7,98.4,6.1,1,79.2,2
53.5,7.65,4.6,67.9,7.9,0,61.3,1
81.6,9.49,2.0,47.2,7.3,2,87.0,2
76.7,8.22,0.2,67.9,4.7,3,83.3,2
71.4,6.69,5.1,65.5,7.1,2,70.3,1
33.7,8.18,3.7,68.6,7.1,0,73.0,0
59.3,5.52,2.4,62.7,7.2,3,46.8,0
94.8,6.05,5.3,71.7,7.5,3,61.1,1
68.0,7.6,2.2,91.2,8.6,1,62.1,1
83.4,4.61,2.9,100.0,7.3,3,57.5,1
57.1,7.16,4.3,48.9,6.8,2,70.1,1
99.6,5.98,1.8,56.8,8.2,0,53.2,1
75.8,7.32,3.3,65.8,9.5,0,61.8,1
82.4,5.91,5.1,93.8,7.9,3,53.1,1
100.0,7.71,3.8,76.3,7.0,2,61.0,2
100.0,7.22,5.4,67.0,7.3,0,73.4,2
73.4,8.88,5.2,92.9,7.1,0,77.1,2
69.1,7.21,3.5,97.2,6.8,6,72.5,1
73.1,6.28,0.0,79.7,9.4,1,65.7,0
85.6,6.9,1.8,65.3,5.9,3,74.4,1
76.4,5.59,4.6,84.9,8.2,2,57.5,0
72.1,7.69,1.2,75.8,6.6,2,82.3,1
100.0,7.91,3.0,75.7,5.0,1,86.3,2
76.3,10.0,4.0,70.8,6.6,1,95.1,2
100.0,6.45,5.7,96.6,6.1,2,65.4,1
79.4,6.88,2.6,84.5,7.5,2,62.0,1
100.0,6.51,2.5,98.6,6.9,1,55.4,0
83.4,7.45,3.4,100.0,5.6,2,81.6,2
92.4,7.66,4.0,88.3,8.6,3,77.9,2
67.1,7.14,3.3,70.9,8.1,3,74.2,1
65.2,8.5,5.1,98.7,8.7,3,75.6,2
84.9,6.46,2.3,88.4,7.1,0,75.9,0
92.8,8.38,3.7,100.0,6.8,2,77.4,2
78.6,7.85,4.2,85.6,7.6,1,68.3,2
58.7,7.19,2.9,92.6,6.1,0,64.5,1
57.6,6.82,4.8,85.2,7.0,1,78.6,1
56.6,10.0,3.7,78.2,6.6,2,84.1,2
51.5,6.22,4.7,75.3,5.0,1,54.9,0
79.6,7.56,3.8,85.3,7.0,2,95.4,2
94.9,6.3,4.1,89.4,6.3,0,69.1,1
77.8,9.34,2.6,100.0,6.5,1,81.5,2
44.1,8.26,2.6,85.6,7.2,2,69.6,1
75.1,6.39,5.3,71.7,8.3,0,48.9,1
75.6,7.82,4.5,74.1,5.8,1,75.2,1
100.0,7.51,2.0,56.2,6.4,2,77.7,1
56.1,6.58,3.8,100.0,5.9,0,76.1,1
72.1,8.11,0.0,70.3,5.8,0,61.8,1
100.0,7.67,2.6,97.4,6.1,3,62.6,2
84.7,7.46,4.9,85.0,6.6,0,70.4,2
86.4,7.15,3.3,85.5,7.5,2,91.1,2
79.7,7.72,3.7,77.9,7.2,0,80.7,2
82.9,7.48,0.0,65.8,5.5,0,74.5,0
89.7,7.27,2.9,62.6,8.4,1,60.0,0
65.9,6.43,4.0,100.0,7.9,1,45.7,0
91.2,9.23,4.2,82.1,5.7,1,86.8,2
57.4,5.94,4.9,100.0,8.3,1,57.7,0
82.9,7.71,3.2,100.0,7.2,0,71.4,1
80.7,6.82,3.3,72.6,6.6,1,62.9,1
68.8,9.31,1.5,87.6,7.2,1,81.2,2
77.7,6.12,3.2,80.8,6.8,3,52.2,0
68.7,6.32,1.6,59.2,7.5,1,72.8,0
61.9,6.04,0.7,76.7,7.0,3,52.2,0
72.7,7.59,1.9,90.6,6.4,3,70.3,1
61.4,5.55,5.8,71.0,4.4,5,54.9,0
82.8,6.63,3.1,74.2,7.4,0,70.0,1
60.7,4.62,3.8,76.9,6.4,2,40.4,0
88.7,7.49,2.7,100.0,7.7,5,79.5,2
60.3,6.6,0.8,47.0,7.4,2,59.5,0
69.5,5.41,4.9,89.0,6.4,1,52.7,0
68.6,8.5,0.2,75.4,8.0,3,93.4,2
97.9,5.63,2.7,68.5,7.0,4,48.1,0
83.0,8.16,3.4,75.0,7.0,2,83.1,2
74.8,6.36,3.8,92.0,6.6,1,70.1,1
85.5,9.12,2.4,93.0,8.8,1,88.0,2
46.4,8.1,0.7,83.3,5.9,2,75.9,0
77.4,5.99,2.3,99.7,6.4,5,75.9,0
100.0,6.1,2.4,100.0,5.3,3,59.7,1
80.0,7.93,2.3,94.7,7.7,3,77.0,2
79.0,6.89,5.0,70.2,6.1,2,63.8,1
86.2,7.0,1.7,88.9,6.2,2,68.7,1
91.4,8.73,4.0,89.0,6.2,2,89.9,2
48.0,6.3,3.7,65.3,6.9,0,59.4,0
52.8,7.31,4.9,51.8,5.3,3,53.3,0
81.2,8.35,3.3,43.6,4.1,2,83.0,0
67.3,8.17,4.7,81.3,7.3,5,68.8,1
97.7,7.01,3.2,85.4,4.3,1,73.5,2
73.3,6.85,4.2,58.7,7.8,1,66.2,1
49.0,5.11,1.2,98.8,8.7,1,59.0,0
59.0,5.93,0.0,82.7,6.6,0,50.8,0
36.8,7.58,4.1,100.0,8.4,2,68.2,0
74.5,7.03,4.1,86.7,6.8,5,65.1,1
75.2,7.29,4.2,60.8,8.7,1,58.1,1
71.6,8.45,2.7,88.2,6.3,2,88.7,2
94.2,5.78,5.7,92.1,4.0,4,44.1,0
96.0,6.92,2.8,70.1,6.7,0,75.6,2
75.4,7.43,4.1,54.0,8.8,2,74.5,2
46.0,6.36,4.4,81.8,7.4,1,60.4,0
87.3,8.92,6.1,62.0,6.2,1,86.6,2
86.3,8.29,3.0,100.0,7.2,0,81.0,1
82.6,7.55,2.5,72.7,8.0,0,69.0,1
92.7,9.35,1.3,100.0,6.7,1,89.9,2
60.5,5.4,5.8,41.8,10.0,1,59.8,0
100.0,7.19,4.1,82.4,6.2,2,61.6,1
63.6,7.64,4.2,100.0,8.0,1,75.7,1
89.2,6.1,8.2,64.0,7.7,4,38.9,2
52.7,7.56,4.0,77.1,6.0,0,56.8,0
64.0,5.87,1.5,72.7,6.3,0,62.4,0
100.0,8.03,3.2,67.7,8.0,1,72.9,2
74.1,8.47,2.0,84.4,7.0,0,73.2,2
90.6,7.53,2.9,56.7,7.2,0,71.6,2
81.6,4.98,2.9,78.0,4.8,0,47.1,0
76.4,6.04,2.6,89.3,7.6,1,51.4,0
98.5,7.88,1.4,76.1,7.1,2,61.8,2
74.5,7.23,5.9,62.0,6.7,1,53.7,0
51.3,4.0,3.9,98.5,7.2,1,47.9,0
66.0,8.69,3.2,93.1,6.3,2,78.5,2
86.3,7.36,4.6,61.3,6.1,0,78.4,2
83.9,6.22,4.2,56.7,6.5,0,57.4,0
54.5,8.39,3.9,62.9,6.2,2,82.2,2
67.1,6.39,4.5,89.8,9.4,0,61.3,0
69.3,6.37,3.7,85.0,7.9,1,62.5,1
72.5,7.63,4.5,94.2,5.6,1,73.6,2
57.4,9.34,4.6,74.1,9.2,6,83.8,2
68.6,9.15,3.7,63.4,6.3,0,75.9,2
67.1,7.63,3.2,96.5,6.8,0,79.0,2
89.6,7.75,5.8,70.0,7.9,2,86.7,2
90.1,8.15,2.8,83.4,4.4,3,90.5,2
75.8,5.69,4.1,52.1,6.5,0,52.0,0
72.1,7.97,4.1,69.7,6.1,1,69.9,1
80.1,6.32,2.6,98.2,7.0,1,57.3,0
65.8,7.58,2.3,67.1,7.2,1,71.0,0
60.8,6.93,3.0,94.7,6.7,1,66.5,1
63.9,7.8,2.8,38.0,6.7,1,66.3,1
68.5,7.34,1.3,69.9,8.1,1,58.6,1
60.5,4.0,2.5,76.9,7.2,0,42.4,0
80.4,7.41,3.9,100.0,6.8,4,42.8,1
88.9,7.97,5.4,59.0,7.0,1,74.9,2
54.2,7.74,4.3,92.1,9.0,5,66.2,1
78.4,7.08,0.0,99.0,7.0,2,74.4,0
74.7,9.17,4.5,67.0,6.2,2,94.3,2
83.1,7.57,2.7,73.3,4.5,2,80.9,1
77.8,7.73,4.2,82.5,5.1,0,70.9,1
56.2,8.45,3.5,53.3,6.2,1,70.8,0
59.1,7.64,3.2,71.8,6.7,1,66.4,1
78.4,6.12,3.3,100.0,6.1,1,62.3,1
93.4,4.27,3.5,89.4,7.2,5,31.2,0
44.8,6.63,5.5,77.2,6.1,0,75.5,1
83.2,8.11,3.5,82.0,5.7,1,74.3,2
95.8,6.78,5.1,90.5,7.5,5,69.6,1
75.7,8.16,4.9,93.9,8.4,2,63.1,1
86.3,7.38,4.5,70.0,5.5,3,63.3,1
67.5,8.75,0.8,100.0,7.1,0,67.1,1
76.2,6.85,5.2,100.0,4.5,3,74.4,1
53.7,7.76,2.8,92.2,5.0,3,72.7,1
42.8,7.81,4.6,64.8,6.1,1,78.9,0
92.1,9.0,2.0,61.6,8.2,0,85.0,2
63.2,5.15,1.7,74.1,5.9,1,55.5,0
71.2,6.65,6.5,81.1,5.8,2,61.8,1
57.2,8.22,2.1,48.2,6.8,0,76.2,1
56.9,9.06,5.2,88.9,6.8,3,84.2,2
75.4,7.49,3.7,100.0,5.9,3,74.9,2
67.1,6.85,2.9,90.4,9.2,1,69.7,0
83.7,8.11,3.4,67.8,6.5,3,99.4,2
84.8,8.24,1.5,65.7,6.9,2,91.5,2
82.8,6.77,3.5,85.4,6.3,2,51.3,1
81.6,7.6,1.9,77.2,7.3,3,71.4,2
100.0,8.62,2.9,88.0,8.3,3,78.0,2
62.0,9.47,4.9,90.8,8.8,2,98.7,2
77.2,8.09,3.9,99.7,5.9,3,74.2,2
95.0,7.25,1.3,59.6,8.1,0,73.4,1
97.0,7.14,4.8,84.0,7.5,4,50.0,1
56.7,7.87,3.5,73.5,8.0,0,62.8,1
73.3,7.06,2.7,78.2,6.7,0,84.8,2
98.4,7.43,4.6,95.6,6.6,0,71.5,2
85.6,5.93,3.2,97.5,7.9,1,50.4,0
80.9,8.76,1.8,100.0,7.9,0,84.4,2
74.7,5.83,6.3,87.7,8.7,1,49.1,1
72.2,6.68,3.5,78.0,7.0,3,62.5,1
82.3,7.32,3.4,75.4,6.7,0,58.6,1
74.2,9.59,2.9,48.8,3.8,1,83.2,2
77.4,6.69,5.3,100.0,4.9,2,61.6,1
79.2,6.4,2.7,74.2,6.3,2,71.4,0
67.8,6.54,1.2,89.1,5.5,0,67.3,0
86.0,9.19,2.5,92.2,7.8,2,91.2,2
100.0,4.0,5.5,57.6,5.2,0,41.8,0
51.3,6.0,4.7,63.4,6.2,3,65.6,0
82.9,10.0,3.1,100.0,6.2,1,86.0,2
66.6,7.91,5.6,85.2,8.2,2,69.4,2
86.7,5.87,4.6,69.5,6.1,1,61.2,1
78.7,7.15,3.1,77.7,7.3,2,66.5,1
89.4,7.28,3.3,99.6,7.0,2,69.8,2
95.6,8.22,4.0,96.8,7.9,4,76.5,2
80.9,9.41,2.3,53.6,7.8,1,98.0,2
95.0,7.67,3.5,100.0,6.8,3,83.6,2
42.8,6.55,4.0,97.4,4.8,2,58.7,0
100.0,8.14,1.0,77.3,6.5,0,63.1,2
83.6,6.36,3.2,58.5,6.8,1,56.4,0
94.2,5.96,3.0,99.0,7.1,2,51.5,1
59.7,5.09,5.0,88.6,5.9,4,57.9,0
65.5,5.32,0.7,53.8,8.2,1,60.6,0
80.2,6.12,2.9,75.8,6.8,1,51.8,0
77.7,5.79,2.8,100.0,5.7,1,51.2,0
82.2,7.58,4.9,80.3,6.3,1,60.6,1
94.3,5.76,3.4,66.6,9.1,1,58.0,1
51.5,4.0,6.2,61.8,7.6,0,41.6,0
92.6,5.95,4.5,100.0,8.1,2,64.9,1
78.1,6.63,2.9,95.3,5.6,1,68.4,0
74.9,6.47,3.9,100.0,6.0,3,67.9,1
55.9,9.02,3.0,84.5,6.0,3,72.4,2
85.5,6.46,4.8,100.0,7.0,5,57.9,1
41.8,8.26,1.5,64.7,6.6,1,85.8,1
87.7,7.18,2.3,82.9,6.2,1,64.7,1
55.6,7.15,4.2,85.2,6.4,3,55.7,1
78.8,6.2,5.3,100.0,5.8,3,67.1,1
76.2,7.13,0.2,85.7,6.6,0,64.0,0
95.5,6.28,5.6,68.7,8.1,1,69.9,1
75.3,7.4,3.3,81.2,5.0,1,70.8,1
67.6,6.92,0.7,49.8,7.2,0,64.6,0
70.4,6.07,0.0,38.2,8.5,1,70.5,0
97.1,8.39,1.2,95.0,6.6,2,68.9,2
86.0,7.71,3.5,73.3,6.2,0,85.0,1
72.2,6.66,3.4,75.3,7.9,1,59.5,0
74.5,7.37,4.4,95.0,5.6,1,72.0,1
54.5,7.1,2.7,100.0,6.8,2,69.7,1
83.8,6.16,1.8,89.6,5.6,6,56.9,0
51.6,7.28,2.9,100.0,4.6,2,63.8,1
89.3,6.45,3.6,89.0,6.6,1,59.9,1
79.9,6.07,3.8,85.4,5.3,1,51.4,1
100.0,5.25,2.3,84.3,6.8,1,68.3,0
61.5,6.77,4.9,56.9,8.1,1,61.7,0
76.5,7.88,2.6,97.2,9.0,1,84.3,1
100.0,6.37,2.2,36.0,6.9,1,70.3,1
95.9,10.0,2.7,69.4,8.0,2,95.9,2
67.6,8.26,5.1,80.4,7.3,2,77.1,2
81.4,8.77,3.3,65.8,6.3,1,84.1,2
78.0,8.15,2.5,71.9,4.5,1,81.9,2
82.2,9.42,4.9,100.0,8.8,3,88.9,2
67.5,6.26,6.7,99.9,5.5,3,48.6,1
76.7,4.13,3.8,67.7,8.5,0,28.5,0
54.0,6.66,5.4,71.5,7.4,0,76.7,1
80.0,7.87,5.1,57.0,5.6,2,53.8,1
84.8,7.38,2.6,92.7,7.2,1,72.3,2
74.6,7.53,3.5,75.5,9.4,2,70.1,1
53.8,8.79,1.6,44.6,8.6,4,84.0,1
92.8,7.66,3.2,81.8,6.2,0,64.0,1
83.5,8.16,2.6,87.9,5.9,0,80.2,2
67.1,6.07,2.9,97.3,6.9,2,61.3,0
73.8,5.89,2.4,78.7,6.6,4,80.1,0
55.5,9.14,3.1,73.3,8.2,4,86.7,2
62.6,7.32,4.3,100.0,7.7,1,81.0,1
69.9,6.45,3.3,80.1,4.8,1,50.9,0
96.4,6.45,0.7,93.0,7.4,0,71.0,0
68.4,6.42,2.4,70.3,6.6,0,64.4,0
87.6,6.35,1.2,92.4,6.8,2,64.1,1
69.9,5.66,3.9,53.8,7.1,1,58.4,0
81.7,5.4,4.3,71.7,8.2,1,67.5,0
75.9,6.97,3.9,58.3,8.0,3,69.3,0
91.1,6.49,2.3,69.1,5.9,1,56.9,0
70.0,8.53,3.9,100.0,6.7,1,75.6,2
54.4,7.55,2.8,69.0,6.3,2,78.7,0
57.3,7.52,1.8,92.9,4.8,1,75.5,0
70.0,6.31,4.6,100.0,6.7,2,49.4,1
59.3,7.05,4.7,79.5,9.0,1,72.1,0
84.2,7.63,4.9,97.9,4.7,0,64.2,2
71.0,8.06,2.6,89.6,6.8,2,80.0,2
100.0,7.09,5.3,82.1,6.7,1,61.8,1
51.9,8.49,2.8,93.5,7.1,3,78.0,2
81.1,7.21,4.5,100.0,5.6,0,64.9,2
61.1,8.15,2.7,68.5,5.1,2,89.4,1
70.6,6.61,3.2,62.7,5.1,1,67.4,0
80.1,5.02,0.0,61.7,8.4,1,60.8,0
43.1,7.52,3.0,97.9,5.6,0,95.1,0
81.6,8.07,3.6,100.0,6.2,3,77.0,2
100.0,7.89,2.9,70.3,9.3,2,87.1,2
71.2,7.71,6.1,41.6,5.9,1,67.9,2
81.9,6.78,1.8,67.9,7.2,0,75.7,1
93.4,6.23,2.7,89.9,8.1,1,54.5,0
75.5,7.86,2.1,78.8,8.0,2,74.7,2
69.3,7.71,2.7,83.2,5.2,2,77.8,1
43.9,6.53,5.0,70.6,5.9,3,69.0,0
87.6,8.53,5.7,98.3,7.2,0,70.3,2
76.3,6.14,2.4,86.2,9.1,1,53.3,1
62.8,6.5,2.4,90.6,5.9,0,68.1,0
79.9,9.16,1.8,82.9,6.2,1,82.9,2
69.2,8.24,5.5,89.4,7.3,3,66.9,2
70.1,6.77,5.2,88.3,7.5,2,65.0,1
87.1,7.54,3.3,63.3,7.6,1,71.2,1
57.9,7.39,1.4,86.7,5.8,1,72.2,0
93.7,4.0,1.5,94.2,6.2,0,46.2,0
57.0,6.11,3.8,100.0,7.1,2,63.7,0
68.1,7.14,4.3,87.5,8.3,2,62.5,1
100.0,6.77,0.4,62.6,6.5,3,62.3,0
94.9,7.5,3.0,65.4,6.8,1,79.1,2
79.5,8.56,5.9,72.2,5.6,1,76.4,2
63.9,6.81,3.2,83.4,9.0,0,62.8,1
70.1,5.93,5.7,77.8,7.0,1,46.4,0
79.1,7.59,4.5,59.8,8.1,2,72.3,1
78.6,6.81,1.9,59.7,6.8,1,68.6,0
76.6,7.01,3.1,42.2,6.9,1,51.8,0
77.5,6.85,3.3,23.8,5.0,3,57.7,0
74.8,9.89,2.1,77.6,4.2,1,80.7,2
56.4,4.51,2.0,100.0,8.3,3,52.7,0
70.3,6.73,5.8,100.0,6.9,3,49.9,1
91.7,7.2,2.0,62.4,7.0,2,68.5,0
57.5,6.26,5.1,82.7,5.3,0,67.0,0
75.2,8.28,2.8,53.6,5.7,0,79.9,2
65.7,8.18,3.5,56.4,8.1,2,74.0,1
79.7,7.14,4.3,58.4,8.9,0,71.5,1
72.2,6.88,2.6,75.9,6.1,1,74.7,1
100.0,7.07,4.4,76.7,7.6,0,67.2,2
85.6,7.07,0.4,84.5,7.0,0,50.2,1
58.3,7.11,4.2,91.9,6.7,2,77.6,1
88.1,6.97,0.0,73.9,9.0,1,70.5,0
66.4,7.5,3.2,80.7,6.3,1,71.5,1
69.3,8.1,4.8,60.3,8.3,3,61.0,1
82.7,5.72,4.4,55.8,7.3,2,54.3,1
70.6,5.94,1.6,53.0,6.8,1,51.5,0
91.4,5.1,1.7,91.7,8.4,1,41.6,0
66.4,8.24,2.5,73.9,7.1,1,76.9,1
68.7,7.5,3.8,46.3,6.7,2,67.5,1
68.2,7.81,0.5,78.9,8.5,1,70.6,0
69.5,5.48,3.5,57.5,8.3,1,60.5,0
94.5,9.34,4.0,100.0,8.2,1,89.5,2
87.4,6.47,3.1,69.6,3.0,1,59.0,0
100.0,7.4,4.3,92.3,7.3,2,65.9,2
100.0,8.23,3.8,99.6,7.1,1,74.3,2
62.5,6.02,2.7,62.8,6.8,1,57.2,0
79.1,6.54,0.6,81.4,7.5,3,68.3,1
60.4,7.42,3.7,90.0,7.1,0,62.7,1
66.3,10.0,2.1,82.1,7.6,2,100.0,2
68.5,7.56,2.6,86.5,6.5,1,76.9,1
62.1,9.13,4.2,56.1,8.6,2,63.7,1
62.2,8.65,5.6,90.0,7.7,2,82.2,2
75.8,7.64,3.4,71.2,7.5,4,81.3,1
59.7,6.01,4.3,86.3,7.4,1,62.2,0
90.6,8.47,1.3,96.6,8.2,4,76.7,2
64.2,5.4,3.9,92.0,8.0,4,53.4,0
100.0,9.12,3.4,86.3,6.7,3,87.0,2
71.2,7.44,5.3,91.6,8.0,0,77.4,2
79.1,4.02,2.7,92.4,7.0,3,30.8,0
58.6,6.79,3.1,100.0,9.1,0,60.9,0
100.0,7.98,5.1,79.4,8.1,4,89.0,2
94.8,6.92,3.4,83.0,6.0,1,67.0,1
82.5,8.06,1.8,96.8,9.6,2,88.7,2
57.8,6.18,7.3,71.2,4.3,2,84.4,1
81.2,5.63,1.9,56.0,7.6,0,51.9,0
61.2,7.11,3.4,88.9,6.0,3,58.9,0
99.9,7.24,4.0,76.3,9.1,1,67.4,1
90.1,6.78,3.9,58.3,7.1,1,74.4,2
79.4,8.67,3.2,89.0,5.8,1,91.6,2
41.5,6.18,3.2,100.0,6.5,0,78.7,0
63.2,7.58,3.1,50.7,5.9,1,72.1,1
88.3,7.28,1.8,98.4,6.4,1,73.8,1
96.2,5.33,6.7,34.3,6.4,3,47.6,0
94.6,5.62,3.2,72.8,5.9,3,35.7,0
54.1,7.21,4.4,100.0,7.1,0,69.0,1
82.5,9.58,3.0,74.1,7.3,1,80.2,2
93.2,7.9,3.0,81.6,5.6,2,80.3,2
53.1,5.13,2.8,93.7,4.8,3,36.5,0
77.9,4.0,1.2,49.1,7.2,2,36.1,0
82.1,8.08,3.3,81.3,7.4,1,78.8,2
73.5,7.08,2.9,81.2,7.7,1,71.2,1
50.2,8.57,5.3,100.0,7.5,1,80.5,2
73.1,6.14,1.7,57.8,8.7,1,75.2,0
73.1,7.62,2.6,73.1,8.0,1,85.3,1
75.8,8.22,2.2,63.3,10.0,3,72.4,1
69.5,6.66,5.7,61.4,10.0,2,77.5,1
71.4,6.69,2.2,100.0,4.7,4,79.0,1
77.4,7.23,4.3,80.5,4.2,0,68.5,1
84.6,7.85,5.0,70.0,6.8,3,75.1,2
73.4,7.18,3.3,70.7,7.4,1,68.6,1
71.9,8.37,1.4,69.9,6.7,2,74.0,2
79.4,6.65,1.5,71.5,7.6,1,60.1,0
49.2,5.61,4.8,57.2,6.5,2,66.2,0
85.2,9.57,1.6,75.3,6.0,3,92.9,2
78.0,6.47,4.1,73.5,6.1,4,58.6,0
78.6,6.52,3.7,66.4,6.6,0,56.0,0
92.4,7.12,4.1,82.8,7.8,0,62.5,2
48.7,7.28,4.2,84.3,6.2,2,68.6,0
48.4,6.74,2.1,70.0,6.5,2,72.6,0
82.1,7.18,2.0,77.4,7.5,2,62.1,1
77.9,7.15,4.6,100.0,6.6,1,76.0,1
80.6,7.41,2.6,100.0,8.1,4,72.6,2
71.1,4.37,0.0,61.0,5.7,2,46.3,0
88.0,9.46,4.5,63.5,5.4,2,96.6,2
92.0,7.02,1.9,60.9,7.2,2,74.4,1
85.3,7.9,4.2,99.0,7.3,2,63.9,2
74.1,5.55,5.6,72.8,5.8,2,46.5,0
46.4,6.63,3.5,84.3,8.4,1,62.6,0
89.5,6.39,5.0,100.0,9.1,1,65.2,1
96.3,8.96,3.7,79.8,6.0,4,95.1,2
87.7,6.5,5.9,92.7,8.6,0,63.7,1
64.8,8.11,1.9,89.4,3.9,2,90.6,2
88.1,6.42,3.5,69.4,8.1,1,56.9,1
90.9,6.66,4.5,99.1,5.8,2,60.3,1
100.0,6.91,3.2,64.7,8.0,1,64.2,1
64.9,8.74,5.2,100.0,5.6,2,75.8,2
74.6,4.93,2.9,69.4,6.7,1,59.2,0
89.2,5.62,6.6,71.4,5.8,1,33.6,0
78.9,4.86,6.7,60.4,6.5,2,45.3,0
61.2,5.89,3.9,63.4,9.0,2,67.3,0
84.2,6.23,4.3,72.3,6.7,0,58.4,0
86.7,5.26,5.3,36.2,9.3,2,61.3,0
79.3,6.32,1.7,75.8,6.3,0,79.3,0
81.3,4.78,1.5,70.9,8.6,1,49.3,0
74.1,5.98,5.4,94.2,4.8,0,68.2,0
100.0,8.64,3.9,87.6,6.5,2,100.0,2
64.5,7.68,3.2,67.3,6.2,2,76.5,1
69.2,7.42,3.5,71.7,8.6,1,70.7,1
78.2,6.0,0.0,75.8,7.0,2,66.2,0
91.2,5.36,3.2,100.0,4.3,1,63.0,0
55.5,5.83,2.4,65.2,5.2,1,57.3,0
58.3,7.15,4.9,67.0,5.6,1,64.9,0
47.4,8.24,5.0,59.7,7.9,0,91.8,1
78.5,8.28,4.4,53.3,7.8,1,76.2,1
61.2,7.96,4.1,85.5,6.4,2,85.2,1
72.2,6.31,1.3,83.7,6.1,1,63.8,0
87.9,7.23,4.4,100.0,7.7,5,84.1,2
68.4,6.81,4.4,98.7,5.4,0,59.1,1
81.5,6.96,5.4,100.0,7.3,0,60.3,1
73.5,9.64,6.7,78.7,7.2,2,96.8,2
88.1,5.09,1.0,75.3,6.5,2,42.2,0
85.1,6.92,2.9,56.6,7.3,2,67.7,1
67.6,8.65,2.4,92.5,6.9,1,93.9,2
75.5,5.44,3.8,82.1,7.4,2,40.0,1
93.7,6.43,3.5,91.7,5.2,0,65.9,2
83.9,6.57,3.1,59.5,7.5,0,73.5,1
57.0,6.93,5.0,86.3,8.0,3,66.7,1
87.8,5.28,1.8,83.7,7.2,3,45.5,0
61.7,7.91,1.9,82.5,7.5,1,73.2,1
99.2,8.0,2.0,67.7,6.7,3,69.3,2
93.4,7.81,3.0,100.0,7.9,0,74.9,2
82.3,6.16,1.7,100.0,6.9,0,58.1,0
80.4,7.3,3.4,60.0,5.4,2,66.0,0
74.9,6.12,3.3,93.0,7.8,1,63.8,0
88.2,6.8,2.3,28.2,4.8,3,78.4,0
72.4,9.78,4.8,92.0,7.1,2,93.8,2
81.5,7.31,3.4,46.3,6.3,1,80.9,1
91.1,5.77,5.1,70.6,6.3,2,69.7,1
69.6,7.42,3.2,56.4,7.0,2,66.3,1
68.8,5.58,3.5,76.1,5.9,1,57.6,0
60.1,5.76,2.7,95.1,7.4,1,53.6,0
62.0,5.95,3.5,46.6,6.9,3,46.7,0
50.6,6.67,4.6,73.5,6.1,2,67.5,0
88.9,8.32,2.9,70.8,8.4,1,70.3,1
100.0,7.89,4.3,100.0,7.0,0,79.0,2
99.4,7.83,2.3,87.8,7.6,2,62.1,2
53.6,5.88,4.6,58.8,8.5,1,59.4,0
88.9,6.55,2.6,71.5,8.5,1,51.1,1
99.3,7.53,4.8,100.0,7.5,0,77.4,2
71.1,6.45,3.6,92.9,6.4,2,59.6,1
79.5,6.87,5.8,63.5,5.1,0,62.4,1
47.9,7.73,1.8,75.2,7.0,2,82.7,1
82.0,6.78,1.3,75.8,8.1,3,63.1,0
62.0,7.47,2.6,70.3,7.2,2,72.4,0
81.0,9.11,1.4,49.2,3.0,4,83.9,1
54.6,6.99,1.4,67.8,7.8,2,71.5,0
86.1,8.62,4.4,100.0,7.9,1,89.6,2
93.4,7.87,3.5,73.1,6.4,2,81.6,1
66.3,5.44,2.8,78.1,8.0,1,50.5,0
60.9,5.88,2.9,82.5,7.6,0,67.6,0
45.7,6.2,2.6,100.0,6.0,1,53.4,0
74.0,6.17,6.0,80.2,8.3,3,54.5,1
69.3,7.09,2.4,99.7,5.3,4,67.3,1
54.7,7.94,1.5,69.2,6.7,1,83.8,1
84.8,8.71,4.7,75.3,6.6,3,72.6,2
71.3,7.57,3.2,80.2,5.8,1,79.5,1
61.9,6.67,6.6,66.1,7.2,2,64.2,1
69.7,4.7,2.7,76.3,8.4,2,44.5,0
94.1,7.28,4.8,96.0,8.3,2,78.7,2
87.0,7.23,5.1,65.6,7.7,1,63.0,2
76.0,7.42,2.7,80.0,4.8,2,89.4,1
87.3,9.73,2.4,92.8,5.2,0,89.3,2
60.6,8.69,4.6,65.2,7.0,5,83.1,2
78.5,8.14,4.4,99.7,6.8,1,89.6,2
80.2,6.05,1.4,81.3,6.2,2,60.8,0
71.0,6.58,1.8,77.0,9.1,4,73.5,1
84.5,7.09,0.0,43.9,6.9,2,52.6,0
66.3,6.27,4.4,73.3,7.5,4,57.8,0
85.6,7.8,3.1,86.7,8.0,2,77.5,2
86.3,7.63,3.3,100.0,6.9,1,81.5,1
34.2,5.89,1.0,90.2,9.9,3,64.3,0
95.9,8.64,1.9,100.0,5.7,4,86.8,2
32.3,7.32,2.8,58.2,6.1,1,78.7,0
68.8,5.13,2.5,77.7,5.7,0,55.4,0
93.4,7.14,3.7,100.0,8.7,2,51.5,2
73.2,7.54,4.4,64.0,7.8,0,83.6,1
56.0,8.37,6.9,97.4,6.1,1,72.4,2
61.6,6.8,3.5,93.2,5.8,1,68.3,0
93.4,8.19,5.2,84.9,8.5,2,79.1,2
49.2,7.42,2.3,74.1,7.2,0,71.5,0
94.9,5.62,1.0,62.2,8.5,0,46.9,0
77.2,5.5,3.0,100.0,6.7,2,39.3,0
60.1,8.55,1.1,91.4,7.4,2,72.6,1
69.3,8.64,3.5,86.1,7.2,2,88.0,2
62.7,7.59,2.3,72.6,6.1,1,60.9,0
91.0,8.99,0.6,80.7,6.6,1,77.4,2
89.0,8.47,6.1,83.0,5.4,2,83.3,2
52.2,8.02,2.7,87.2,7.4,0,68.0,1
71.9,6.11,1.0,93.2,7.7,0,55.6,0
65.1,9.28,4.8,65.9,8.0,1,87.5,2
97.4,7.84,2.4,53.6,7.6,1,76.9,1
57.7,6.74,5.1,81.5,6.6,0,56.9,0
100.0,6.4,2.4,48.6,8.7,1,63.5,1
77.5,7.51,2.7,74.2,7.9,2,75.0,1
60.6,5.19,4.0,70.8,8.5,1,42.0,0
67.8,8.04,4.4,88.9,8.5,3,78.1,2
66.0,6.06,4.7,100.0,6.6,2,53.7,0
58.9,7.64,3.4,45.0,7.3,0,74.0,1
79.4,6.57,4.3,100.0,7.7,0,69.7,1
59.6,6.88,4.6,75.8,5.4,1,65.1,1
45.3,6.29,3.8,86.3,5.4,2,68.8,0
72.3,7.01,3.3,54.5,5.2,5,73.9,0
51.0,9.47,1.3,97.9,6.7,0,95.7,2
66.7,8.86,4.4,80.7,6.4,1,86.6,2
64.4,7.63,3.6,78.9,5.1,0,81.6,1
64.9,7.17,2.9,45.1,7.0,0,72.0,0
100.0,8.21,5.4,81.3,6.7,1,64.5,2
78.8,8.56,1.4,95.2,8.2,2,74.4,2
81.7,6.2,6.0,75.7,9.2,3,59.0,0
51.4,7.11,3.5,100.0,7.3,2,67.7,1
68.2,5.01,4.0,100.0,6.0,3,53.5,0
81.2,8.55,2.9,68.5,7.6,3,74.2,2
62.6,9.68,1.0,100.0,6.8,1,100.0,2
91.6,7.3,3.3,80.8,6.5,1,69.2,2
60.0,4.65,4.0,80.9,5.8,2,47.5,0
73.7,7.93,4.5,81.8,6.2,1,70.0,1
69.2,6.12,3.2,81.2,6.6,3,52.0,0
80.5,6.4,0.2,32.7,7.8,4,61.4,0
68.4,7.95,1.2,76.7,7.4,0,75.8,2
73.9,7.51,6.6,55.4,9.0,2,71.1,1
74.5,6.61,1.9,100.0,7.6,0,77.5,0
67.0,6.42,5.6,100.0,7.3,0,61.6,1
85.3,7.35,2.1,95.3,6.4,0,69.8,1
81.6,6.71,3.2,75.7,5.6,0,71.5,1
76.7,5.87,4.4,61.9,6.1,2,56.5,0
71.5,6.8,2.3,68.2,6.0,0,70.1,0
89.9,7.61,5.9,100.0,3.7,2,62.4,1
74.5,6.99,3.6,67.5,5.6,2,57.2,1
73.4,5.5,4.2,37.6,8.7,0,55.8,0
79.6,8.39,3.1,98.5,7.2,3,77.4,2
100.0,4.0,4.5,100.0,6.3,0,35.5,0
57.9,6.66,5.9,100.0,7.3,2,65.6,1
89.5,6.46,3.3,98.7,4.5,3,64.5,1
49.6,7.38,6.1,100.0,7.1,2,65.0,1
81.3,7.87,2.6,81.0,8.3,4,70.8,1
100.0,8.55,4.6,42.6,6.7,1,82.4,2
85.3,6.35,4.2,80.5,4.7,2,53.8,1
80.6,7.9,1.9,91.2,6.3,3,70.4,2
69.6,7.43,3.8,77.6,8.3,1,75.5,1
78.5,5.15,3.5,76.7,7.1,1,51.6,0
74.2,9.48,2.2,62.6,5.1,1,84.8,1
66.2,5.47,4.0,62.0,9.6,1,47.3,0
73.7,7.7,3.7,100.0,5.3,4,65.4,1
81.0,7.67,3.4,100.0,6.5,0,72.1,1
66.5,7.53,3.4,80.0,5.6,0,88.2,1
65.9,6.61,3.4,85.1,5.6,2,68.7,1
57.6,8.19,2.9,62.3,6.3,3,67.0,1
83.9,5.33,3.7,91.6,7.6,4,58.9,1
86.2,7.12,2.5,100.0,8.3,4,62.5,1
81.5,6.52,7.5,52.5,6.3,0,63.4,1
92.5,6.39,1.4,88.3,5.6,2,57.6,1
79.3,7.71,2.6,89.7,7.4,2,89.8,2
83.9,8.49,2.7,89.5,7.4,3,71.1,2
82.6,6.79,6.6,100.0,7.1,3,68.2,1
76.6,8.14,1.5,100.0,7.1,0,71.7,1
70.0,7.26,4.1,75.8,6.7,1,75.6,1
100.0,6.13,3.9,92.1,6.9,0,62.4,1
71.2,6.89,4.0,81.5,6.6,3,76.6,1
68.0,6.84,5.4,68.6,8.1,0,71.9,1
84.5,6.36,5.3,84.9,9.5,1,56.5,1
81.8,7.71,2.8,92.1,7.0,6,96.9,2
56.9,7.48,3.8,83.9,6.8,2,76.0,2
94.8,5.29,0.7,64.1,7.1,2,48.6,0
76.6,5.22,3.6,71.7,6.0,1,54.0,0
61.3,7.71,2.3,71.8,7.7,2,78.6,1
95.8,6.22,3.2,64.8,7.3,5,65.6,1
87.4,7.56,1.0,85.6,6.3,2,76.2,1
59.0,8.14,4.1,87.5,7.9,0,84.9,2
100.0,5.67,1.0,97.6,6.8,4,63.2,1
87.9,5.51,3.7,64.6,5.6,2,48.0,0
77.8,9.21,1.7,69.6,7.2,1,100.0,2
100.0,7.62,2.2,100.0,7.1,2,88.5,2
80.4,6.7,5.2,77.0,8.0,2,71.3,0
77.6,6.08,4.4,80.5,7.8,2,60.0,1
68.1,6.59,5.2,76.8,6.7,0,64.4,1
86.7,5.77,5.8,100.0,6.2,3,54.5,1
85.1,8.26,2.3,100.0,6.8,2,76.7,1
78.2,6.27,5.7,100.0,7.2,0,43.8,1
66.2,8.51,1.3,80.5,7.4,0,92.6,1
79.9,6.72,4.6,64.3,7.2,1,74.5,0
77.0,5.95,2.8,100.0,6.7,2,45.1,0
58.0,6.69,2.1,95.4,8.0,4,72.0,1
55.9,4.05,4.4,71.8,6.0,1,42.4,0
86.5,7.06,4.9,100.0,9.8,3,66.4,1
39.0,7.0,4.9,70.4,7.7,3,71.4,1
81.1,8.19,3.8,100.0,5.4,1,63.7,2
70.8,4.94,3.7,100.0,7.0,1,49.9,0
97.6,8.59,4.3,63.4,7.7,2,81.7,2
70.6,8.18,4.0,90.5,6.4,0,78.2,2
87.9,8.7,4.3,94.1,5.0,0,71.0,2
72.0,7.14,3.8,100.0,5.6,3,72.2,1
79.7,8.42,4.8,66.6,7.5,2,88.0,2
89.1,5.43,1.1,100.0,4.7,2,57.5,0
71.1,8.06,3.3,80.3,5.1,2,74.6,2
92.9,6.27,1.4,57.7,7.4,0,82.8,0
63.1,5.22,3.9,77.8,6.5,1,45.0,0
82.4,5.85,6.0,80.0,6.0,2,63.9,1
91.8,7.21,2.8,60.9,6.2,5,71.2,1
87.9,6.21,3.7,85.6,5.0,3,76.9,1
100.0,7.65,4.6,97.2,7.4,1,76.1,2
66.5,5.03,0.4,84.3,5.8,2,55.6,0
57.3,4.65,2.7,70.2,6.2,0,51.5,0
63.1,8.85,4.0,77.3,7.2,1,74.7,1
87.9,8.28,0.0,79.9,6.5,0,71.5,1
85.5,5.94,2.0,83.9,6.0,1,56.3,0
79.5,7.2,5.2,100.0,4.4,1,76.8,2
61.2,8.42,5.0,84.9,7.2,0,81.5,2
89.5,7.7,4.1,54.8,6.9,1,71.8,2
59.6,7.38,4.8,69.9,6.2,0,81.7,1
95.4,8.51,3.8,83.0,5.6,1,64.5,2
100.0,6.32,4.3,100.0,6.8,0,51.4,1
83.5,7.24,3.0,100.0,7.4,1,49.5,1
86.7,7.18,3.7,100.0,6.9,3,78.7,1
70.6,6.87,2.6,82.4,8.8,3,65.6,1
50.8,6.73,5.4,93.7,7.6,2,73.0,1
69.0,7.29,5.8,53.8,6.7,3,69.1,2
61.6,7.24,5.6,87.7,7.7,1,77.7,1
56.3,5.94,2.9,60.6,6.9,3,57.5,0
100.0,8.16,2.1,78.9,6.9,1,80.7,2
82.1,6.03,5.4,100.0,8.4,1,61.3,1
83.7,6.94,4.3,85.5,5.7,3,69.7,1
73.4,6.85,4.0,64.5,6.8,3,79.7,1
75.4,7.63,2.5,87.3,8.2,0,59.9,1
92.5,4.66,4.1,70.7,7.2,0,47.0,0
77.5,8.27,1.9,62.7,6.4,4,79.9,1
86.0,6.39,4.5,100.0,4.8,2,62.7,1
75.1,8.66,5.6,99.2,4.1,1,78.5,2
72.9,6.63,5.9,86.2,9.3,0,60.0,1
56.9,7.14,4.6,72.9,7.2,0,80.9,1
48.3,9.5,1.4,74.4,6.1,4,88.2,1
74.1,6.87,3.8,100.0,7.2,1,85.9,2
78.8,8.69,6.7,85.5,5.7,3,86.1,2
58.7,7.25,2.2,24.5,6.4,0,67.3,0
77.5,7.7,3.4,100.0,5.7,2,77.9,1
78.8,7.28,5.6,83.3,5.1,2,70.8,1
45.7,8.22,4.4,86.2,4.3,1,88.6,1
64.3,6.38,7.2,99.6,4.9,1,52.9,1
84.1,6.02,2.4,88.4,8.0,1,44.8,0
83.8,6.43,2.0,93.4,5.6,2,65.6,0
60.7,7.32,5.3,72.4,7.4,3,76.9,2
80.4,6.94,1.7,57.9,7.9,1,69.2,0
93.3,8.05,3.2,85.0,6.8,1,81.8,2
89.7,8.77,3.4,100.0,6.4,3,86.7,2
76.6,6.03,5.1,68.3,7.0,1,47.4,0
71.0,6.32,4.4,66.9,6.3,3,64.0,0
68.6,5.48,4.2,100.0,8.2,0,65.1,0
85.0,9.64,2.9,71.8,9.1,2,91.3,2
80.9,7.57,5.3,72.6,8.5,3,61.8,2
87.4,7.78,9.5,73.3,4.2,2,71.4,1
80.0,5.59,4.5,78.8,6.3,1,60.0,1
90.3,7.2,3.6,51.7,6.8,5,83.6,2
79.4,7.81,1.6,70.3,7.4,3,58.7,1
89.8,6.9,2.5,84.1,4.7,0,69.5,1
91.1,8.49,3.2,84.0,4.7,4,72.7,2
65.9,9.97,2.7,100.0,8.4,2,96.8,2
50.9,6.06,3.5,100.0,6.1,3,64.2,0
100.0,5.97,6.2,100.0,5.0,1,56.9,1
81.8,6.15,5.4,96.5,5.5,0,65.3,1
52.3,9.13,3.3,77.3,7.3,0,94.7,2
67.3,8.45,1.7,68.8,5.8,2,78.5,1
89.6,7.04,5.5,80.3,7.1,2,57.1,2
73.8,7.24,3.4,90.5,5.6,2,81.0,1
70.3,6.22,0.9,94.8,4.7,1,67.5,0
99.0,8.27,4.6,91.2,8.5,2,82.8,2
62.3,6.74,5.0,77.8,7.3,2,59.8,0
66.0,6.89,0.0,94.2,6.4,1,74.4,0
81.2,7.93,2.3,100.0,6.2,0,91.7,2
83.9,6.97,3.3,95.8,8.6,0,66.3,2
85.4,6.92,4.6,79.4,7.5,1,67.6,1
91.7,7.21,2.7,65.0,8.2,0,60.8,1
81.0,8.15,2.3,64.6,6.1,4,71.6,1
85.3,9.18,4.6,67.7,6.9,2,77.4,2
74.1,7.9,2.8,84.6,7.3,2,76.2,2
78.9,8.16,4.3,89.4,6.1,0,74.7,1
79.6,6.96,1.8,54.5,6.7,0,70.1,0
81.2,6.35,1.5,70.9,6.1,2,54.8,0
89.6,7.98,4.6,84.4,7.3,0,74.5,2
86.3,7.41,3.9,63.8,5.2,2,63.3,1
78.7,5.49,4.9,87.8,7.5,0,56.2,0
65.9,6.81,2.7,74.5,7.2,1,52.8,0
79.0,7.1,2.3,67.0,6.6,1,69.6,0
77.6,6.59,5.5,81.0,7.3,5,61.8,1
80.9,8.98,1.2,87.1,6.4,4,85.8,2
100.0,7.78,5.4,64.7,6.0,2,60.9,2
70.1,8.85,5.5,75.6,7.5,2,88.4,2
84.3,7.52,4.8,88.4,7.5,4,69.5,2
94.0,7.3,2.5,66.3,6.2,2,71.8,1
79.5,6.08,2.3,50.2,6.1,1,44.7,0
100.0,7.21,3.2,52.3,6.6,0,59.4,1
72.3,7.22,1.6,72.5,6.1,3,66.2,1
82.9,5.56,2.1,56.3,8.6,3,66.3,1
66.0,6.55,4.5,73.7,7.2,0,67.9,0
72.7,6.81,4.5,100.0,6.8,2,66.9,1
81.7,7.7,1.9,55.2,5.7,1,66.0,1
90.7,7.75,4.5,74.9,7.7,5,65.1,2
82.8,6.5,4.2,100.0,6.1,0,65.5,1
96.9,7.76,5.8,87.3,6.0,2,79.6,2
76.6,6.98,4.4,73.4,7.7,1,69.0,2
73.0,4.0,5.1,77.2,7.3,3,55.7,0
100.0,6.62,4.2,87.7,3.8,0,58.8,0
83.9,8.49,5.0,100.0,6.6,0,81.6,2
67.2,5.18,1.6,70.4,7.0,1,38.5,0
67.6,7.34,3.3,66.4,6.4,5,72.0,1
63.9,9.1,3.4,55.2,7.0,0,97.1,2
92.0,6.29,3.1,81.9,4.6,1,53.1,0
72.5,7.2,4.2,54.7,3.4,2,76.0,0
79.9,5.64,4.5,71.7,5.6,1,67.4,0
77.0,9.15,4.1,63.6,7.1,1,80.3,2
89.0,7.1,3.2,99.3,3.0,4,72.1,1
65.3,7.26,2.4,70.8,5.8,0,82.3,0
61.9,8.83,5.1,87.1,4.5,0,84.9,2
81.4,7.99,4.0,51.1,6.5,0,82.2,1
87.0,6.15,2.0,82.4,9.1,0,46.1,0
83.0,6.42,3.2,58.3,6.5,2,67.4,1
65.9,7.79,0.9,72.3,6.7,0,78.4,1
88.2,6.45,3.6,100.0,7.8,0,52.2,1
66.8,4.66,3.2,96.8,6.8,1,39.9,0
70.2,7.14,2.6,77.7,6.5,0,73.5,1
63.8,5.42,5.9,100.0,7.9,2,51.7,0
97.5,9.14,1.8,63.5,7.4,0,94.6,2
87.5,7.41,4.6,100.0,7.1,1,73.5,2
87.1,6.11,6.8,52.4,6.6,2,60.4,1
96.7,6.36,5.1,75.6,6.4,2,60.7,0
100.0,4.93,3.5,55.7,7.9,1,52.3,0
52.4,5.88,1.8,84.6,6.4,1,64.4,0
66.9,8.42,1.5,81.0,8.3,1,83.8,1
68.8,9.88,2.9,74.5,5.5,1,88.6,1
65.2,8.07,2.5,99.7,8.5,2,86.5,1
61.8,7.09,2.4,69.8,7.4,1,73.5,0
73.5,6.68,3.0,85.9,5.6,3,67.9,1
59.8,6.05,3.3,94.8,7.4,2,60.2,0
83.0,9.67,4.2,53.3,6.0,2,94.2,2
78.8,6.97,1.6,66.5,6.8,1,52.6,1
85.2,9.74,2.5,81.0,6.2,0,92.7,2
85.6,8.87,3.3,91.3,6.6,2,96.5,2
87.0,5.11,3.2,100.0,7.9,1,53.2,0
72.4,6.4,6.3,76.1,7.4,3,63.1,1
100.0,6.4,3.8,74.3,5.4,2,57.6,0
81.5,7.1,1.1,64.3,5.5,0,72.3,1
50.1,7.13,4.1,85.9,7.1,2,67.0,1
63.0,10.0,4.3,74.7,7.2,1,100.0,2
51.9,5.91,3.3,75.1,6.0,3,51.3,0
78.3,7.47,1.7,78.3,8.7,1,67.9,1
76.2,7.94,6.1,89.9,7.8,5,70.7,2
71.0,7.2,1.9,69.9,6.0,0,83.9,1
100.0,7.33,4.5,66.1,5.9,2,68.8,2
86.2,5.95,3.8,87.8,6.5,5,54.2,1
88.9,7.33,4.4,25.5,6.4,2,53.6,1
64.0,7.81,6.1,69.1,8.3,0,67.1,2
63.0,7.59,4.3,59.3,8.0,3,76.8,1
78.6,7.88,2.7,100.0,6.8,2,79.2,2
80.6,8.9,5.2,72.1,7.6,1,78.4,2
50.2,8.32,2.6,69.9,7.8,2,74.0,1
75.3,7.29,3.7,79.1,6.9,1,84.8,1
78.2,5.79,1.6,69.3,7.3,3,78.8,1
74.8,6.48,2.0,72.8,7.5,1,72.3,0
65.8,6.94,3.6,81.7,7.4,2,79.4,0
69.9,7.5,4.1,72.4,5.9,3,85.9,2
75.3,6.63,0.9,72.3,6.0,4,82.0,0
79.4,6.08,4.2,61.8,6.5,2,57.2,0
87.1,5.77,2.3,59.2,6.0,2,50.1,0
94.2,5.22,5.4,81.1,5.0,1,67.0,1
73.6,6.92,3.0,85.5,7.6,0,59.1,1
71.2,5.44,1.8,54.3,7.2,1,46.0,0
84.6,6.0,3.6,93.7,5.2,2,50.9,0
87.2,6.73,2.1,93.8,6.5,3,64.1,1
71.5,5.6,5.4,97.5,6.6,2,39.7,0
89.9,7.66,3.5,85.4,7.0,2,61.6,2
92.7,8.09,3.3,91.5,5.5,2,71.8,2
97.4,6.54,4.4,100.0,5.2,4,54.0,1
100.0,6.68,2.0,74.6,7.4,2,73.2,1
65.0,7.84,1.6,61.2,5.0,2,74.7,0
78.2,6.34,4.1,52.4,6.5,2,66.5,0
78.2,6.26,1.9,100.0,6.4,2,65.0,1
76.5,8.64,1.8,100.0,6.7,5,79.8,2
68.3,8.26,4.8,63.4,7.1,0,86.1,1
55.7,7.92,4.3,66.9,8.7,2,79.0,1
79.4,8.31,1.6,74.2,4.9,2,76.1,1
66.5,4.83,2.6,100.0,7.9,2,35.6,0
79.3,8.82,2.1,56.8,3.8,1,87.2,1
66.1,7.67,6.2,44.6,8.5,3,63.1,1
61.5,8.41,4.9,100.0,4.3,0,82.6,2
81.5,7.66,2.9,85.6,9.7,0,73.8,1
80.3,7.26,4.4,88.2,6.3,1,58.8,2
86.7,6.87,1.5,76.3,8.3,2,68.5,1
100.0,7.64,2.5,88.4,8.1,2,74.5,1
82.2,6.83,3.7,52.7,6.3,1,67.6,1
85.3,8.24,4.2,64.9,6.4,2,79.2,2
61.8,5.3,3.4,81.9,5.8,1,47.8,0
58.7,6.55,3.9,39.1,7.7,1,68.4,0
100.0,9.65,3.6,74.6,6.3,0,84.6,2
64.1,6.45,3.3,73.4,5.8,0,54.2,0
62.3,6.91,3.1,74.6,7.4,2,72.2,0
77.4,6.14,2.9,70.1,5.7,2,67.7,0
76.6,7.6,3.8,62.1,6.4,0,77.5,1
64.5,6.32,4.1,47.2,6.9,1,60.0,0
73.4,6.98,3.8,82.6,6.0,2,51.8,1
96.4,8.22,1.7,74.6,6.2,1,89.7,2
65.9,6.36,2.0,55.2,8.6,2,46.4,0
57.1,8.15,4.1,81.1,6.6,1,81.9,1
92.1,8.19,5.7,74.7,6.4,4,94.5,2
85.4,8.47,3.7,71.7,6.6,2,81.2,2
68.7,7.37,2.9,41.2,7.3,4,73.0,0
54.3,10.0,3.8,92.3,5.6,1,96.0,2
66.8,8.47,1.8,57.8,7.3,0,81.5,1
77.2,7.59,5.5,81.1,7.1,1,91.3,2
95.5,6.15,3.8,65.5,4.7,2,53.5,0
62.5,7.08,2.5,73.0,9.0,1,60.5,0
76.7,8.91,3.2,100.0,8.6,1,81.1,2
88.1,9.25,2.7,89.6,5.8,2,100.0,2
42.3,8.97,5.5,100.0,5.5,1,79.7,2
93.5,8.14,3.2,85.9,7.1,1,80.7,2
60.3,5.69,3.7,87.1,5.1,0,65.0,0
83.0,7.78,4.4,47.9,8.4,1,80.4,1
81.7,5.71,2.4,74.3,6.2,4,64.7,0
94.3,5.42,3.8,76.0,8.7,1,65.4,1
86.3,7.49,3.9,100.0,5.8,2,74.1,2
42.3,7.83,1.2,70.9,6.7,3,70.9,0
66.2,8.28,3.9,84.8,8.3,1,79.6,2
80.1,7.8,3.4,84.1,6.4,4,71.6,2
75.1,7.84,3.7,100.0,7.1,1,94.8,2
85.2,6.02,3.6,77.6,8.1,0,54.9,0
89.8,7.07,3.9,94.9,6.1,1,72.0,1
87.1,5.39,5.5,49.3,5.3,0,41.8,0
74.8,4.8,1.7,50.9,5.0,3,49.8,0
50.3,8.09,3.0,38.9,7.5,1,74.5,0
71.2,6.3,4.5,94.1,7.3,3,66.9,2
84.2,8.25,4.2,92.1,8.1,0,83.7,2
61.6,8.53,4.2,96.1,6.5,1,91.8,2
87.5,6.46,7.6,67.8,5.1,0,73.6,1
91.6,7.91,4.4,69.9,4.0,0,74.7,1
79.9,6.41,5.2,77.8,10.0,1,54.9,0
32.0,4.98,3.0,100.0,7.4,3,43.8,0
58.8,7.35,2.0,100.0,7.0,1,72.9,1
100.0,6.63,3.0,94.3,7.1,1,65.7,1
69.8,6.67,4.6,86.0,5.1,1,66.8,0
48.2,9.57,4.1,100.0,5.8,1,85.1,2
96.5,5.37,4.1,75.4,8.9,2,65.1,0
78.2,7.66,3.2,73.0,7.6,1,61.3,1
94.6,6.01,2.9,77.7,5.9,1,54.3,1
82.2,8.29,3.2,62.4,5.3,4,69.8,1
84.9,7.56,4.6,76.8,6.2,1,70.6,1
83.4,7.66,4.8,59.9,6.4,1,83.0,2
88.5,6.07,2.0,98.5,9.3,1,57.3,1
100.0,6.28,4.6,89.8,6.6,3,62.2,1
92.6,8.31,2.5,100.0,5.4,0,84.0,2
54.3,9.32,4.2,50.7,6.7,3,84.6,2
84.7,7.78,3.2,100.0,7.1,0,77.2,2
95.1,6.12,5.8,51.7,5.3,2,62.1,0
96.0,7.61,2.9,58.4,7.3,1,63.6,1
71.6,10.0,3.8,68.8,8.3,1,89.3,2
95.5,7.32,4.4,100.0,7.0,2,73.1,2
91.9,8.95,2.2,84.1,5.8,3,94.4,2
100.0,6.31,3.4,75.6,6.2,1,71.9,1
66.7,7.15,3.1,65.7,4.8,2,85.5,2
70.4,7.94,2.7,55.2,6.6,1,79.4,2
73.4,7.68,2.8,100.0,7.2,0,69.9,1
70.6,6.28,5.2,94.4,5.7,1,60.9,0
64.6,6.23,2.6,100.0,9.1,0,60.0,0
36.6,8.39,4.3,87.1,7.8,1,76.0,1
71.5,8.63,4.0,32.4,4.6,2,84.4,1
83.5,9.01,1.4,57.6,4.7,1,88.1,1
70.6,9.36,4.3,88.4,5.6,1,78.2,2
100.0,7.36,1.4,73.3,8.7,1,79.3,2
78.2,6.83,4.4,69.9,7.9,1,51.3,1
97.4,8.82,2.7,60.1,8.7,3,81.2,2
81.9,8.06,3.5,97.1,6.8,1,85.7,2
90.4,6.02,1.6,88.2,6.5,2,64.0,1
82.2,5.96,3.7,89.0,5.3,1,55.8,0
98.5,7.79,4.9,68.6,7.2,0,90.0,2
78.8,6.99,2.3,83.2,6.6,1,63.9,1
85.4,7.17,2.6,55.9,6.5,1,52.9,1
83.5,8.49,4.2,77.7,8.7,1,83.8,2
73.7,8.11,4.2,34.5,6.6,0,62.7,1
84.1,8.8,0.0,51.8,8.4,1,76.1,2
100.0,4.88,6.5,74.2,4.9,3,54.5,0
73.9,7.5,4.3,100.0,10.0,3,68.1,1
84.3,8.03,4.5,47.6,6.4,2,80.9,1
96.9,5.37,3.3,57.6,7.6,1,44.4,0
95.1,6.41,0.7,83.9,7.8,3,69.4,1
78.2,6.19,4.5,100.0,6.2,0,47.1,0
42.2,7.23,2.7,83.6,7.8,1,80.0,1
85.8,9.15,4.3,92.6,7.8,2,82.0,2
44.7,9.63,3.2,73.9,5.9,3,100.0,2
100.0,6.22,3.9,70.8,6.0,0,54.2,0
80.5,7.83,2.3,81.5,6.9,2,90.0,2
93.0,7.87,4.8,68.2,6.7,1,67.2,2
64.5,7.67,1.7,93.0,8.5,1,58.8,1
54.7,7.68,6.9,51.1,7.6,1,73.6,1
81.9,7.56,6.9,96.0,6.7,2,82.2,2
77.5,9.23,5.9,80.7,7.5,3,92.7,2
70.6,8.52,5.4,76.1,4.3,3,89.7,2
79.3,5.93,3.4,50.4,6.1,2,64.9,0
100.0,8.15,5.2,62.4,7.1,4,70.8,2
90.5,8.27,3.4,100.0,8.1,1,84.4,2
93.7,7.58,1.2,76.2,7.0,2,73.2,1
90.7,8.56,5.8,85.0,8.5,2,75.1,2
100.0,7.43,5.2,64.2,7.8,1,72.6,1
75.1,7.44,3.5,79.5,6.2,5,70.8,1
47.2,7.35,1.7,55.3,6.6,2,81.8,1
75.2,4.78,2.6,81.8,7.3,0,44.5,0
90.2,7.1,0.8,86.7,6.3,3,63.9,1
63.5,6.4,4.9,85.8,8.6,3,56.8,0
75.4,5.78,1.1,63.7,5.5,0,72.3,0
67.6,8.92,3.9,73.8,7.2,3,78.7,2
100.0,7.81,2.2,89.7,7.7,0,84.7,2
89.2,7.16,1.4,76.2,6.4,2,60.6,1
87.8,6.52,3.9,74.8,6.2,0,67.5,2
87.3,7.56,3.0,100.0,6.7,0,74.3,2
77.4,8.39,4.8,62.9,7.8,4,89.2,2
81.0,6.21,1.6,99.4,6.2,1,69.5,1
60.2,7.19,2.4,59.2,5.5,3,69.8,0
45.2,8.24,0.0,91.8,8.2,1,73.8,1
80.3,4.88,0.2,92.7,7.3,3,62.5,0
82.9,7.13,6.2,70.8,8.0,3,63.5,1
96.1,6.68,6.6,58.1,7.7,1,46.7,1
100.0,7.04,3.6,44.5,9.4,1,53.0,0
100.0,6.6,2.3,68.9,8.1,3,51.2,1
63.0,7.37,3.1,89.5,5.9,2,75.4,1
72.7,9.51,4.8,60.6,7.4,0,100.0,2
85.2,6.81,2.7,81.7,6.1,1,49.6,0
100.0,7.55,3.9,53.4,6.3,0,65.9,2
100.0,9.59,3.5,75.8,5.1,2,90.3,2
94.8,6.54,2.6,59.4,6.5,2,76.0,1
72.2,9.38,2.7,78.6,7.5,1,81.4,2
64.8,7.21,3.9,71.0,6.7,0,74.0,1
89.8,9.34,2.0,58.6,5.5,2,85.4,2
61.5,8.1,4.2,68.1,5.0,4,97.7,2
74.4,7.57,2.8,63.2,9.3,4,73.5,1
76.3,7.12,3.7,56.3,7.2,3,71.4,1
100.0,6.45,5.6,99.5,5.8,2,63.5,1
72.7,7.29,3.2,73.5,7.4,0,66.7,1
41.4,8.28,4.9,40.4,9.4,2,86.0,1
85.6,7.18,0.8,68.8,7.5,2,59.8,1
67.5,6.82,2.8,96.5,3.5,1,50.0,0
78.6,6.9,3.5,66.3,10.0,2,65.4,0
76.7,8.39,6.4,100.0,4.6,1,85.8,2
73.9,8.67,0.6,64.6,6.6,0,77.1,1
89.9,6.4,3.4,89.1,5.4,1,63.9,0
55.0,6.4,5.7,98.7,5.9,3,52.6,1
70.2,7.66,2.3,88.1,7.1,3,81.6,1
88.3,9.03,3.2,55.3,4.3,0,90.0,2
68.8,8.58,4.0,63.0,6.7,4,81.0,2
53.9,5.7,3.8,100.0,8.2,2,57.8,0
88.0,6.88,5.8,65.5,5.8,0,55.4,1
94.8,6.08,4.2,97.6,5.1,3,48.9,0
77.3,6.88,5.5,72.3,6.6,0,65.5,1
48.6,9.13,3.0,82.5,6.4,3,89.7,2
88.6,5.49,2.4,55.1,6.1,3,59.2,0
53.1,5.26,3.2,69.1,5.4,1,49.8,0
82.6,6.21,1.8,64.2,7.4,1,66.7,0
64.7,7.54,4.2,84.1,7.5,1,83.5,2
60.6,7.94,2.9,81.7,5.5,2,74.8,1
71.4,7.72,2.5,88.3,5.7,1,76.1,1
75.3,8.61,4.2,71.2,7.0,3,79.5,2
68.3,5.08,1.8,63.3,5.6,1,50.2,0
86.8,8.63,4.7,83.3,7.0,3,82.7,2
71.3,6.83,2.8,61.5,8.6,1,79.6,0
92.7,8.08,5.2,99.4,6.7,2,84.0,2
82.2,5.61,2.9,77.9,5.3,1,62.3,0
67.5,7.21,4.4,74.1,7.3,2,65.6,1
65.0,7.48,3.8,88.3,6.6,0,64.4,1
53.3,8.59,4.6,78.6,6.6,1,84.1,2
82.4,5.3,3.7,50.2,7.4,5,63.0,0
72.7,7.24,1.0,60.9,7.6,3,83.3,1
42.4,5.9,5.0,99.0,6.8,3,38.5,0
70.0,7.81,3.4,81.5,6.7,4,93.9,2
64.5,8.13,4.7,49.7,9.3,4,80.5,1
100.0,8.74,4.5,86.3,8.2,1,89.6,2
52.5,6.56,2.3,69.9,7.8,1,49.8,0
56.4,8.31,2.1,64.3,7.0,1,76.8,2
94.6,8.83,4.5,59.4,5.6,0,89.7,2
98.4,5.23,3.0,98.0,8.2,0,43.0,1
66.8,7.93,4.9,44.6,7.0,2,52.3,1
68.5,8.35,3.2,64.9,6.1,0,81.7,1
87.2,6.89,5.0,82.2,6.5,0,66.2,1
43.1,5.75,4.1,100.0,5.6,0,68.4,0
50.1,8.33,3.9,90.0,8.1,2,77.5,1
73.8,5.76,2.9,64.8,7.6,1,56.3,0
100.0,6.99,3.8,100.0,7.0,2,73.0,1
71.5,7.15,5.3,55.6,6.7,0,77.1,1
79.5,8.06,3.4,84.8,6.0,1,70.8,2
95.0,6.45,4.3,88.8,4.2,0,70.4,1
100.0,6.38,3.6,64.1,5.1,2,58.0,0
69.3,7.32,3.7,92.6,5.9,1,70.3,1
77.7,8.41,6.1,70.7,5.7,2,84.8,1
100.0,9.94,5.3,92.5,7.1,4,99.3,2
55.2,5.39,3.6,46.9,7.8,2,56.4,0
93.4,7.58,3.8,86.0,6.6,1,63.8,1
62.7,5.9,2.4,72.6,8.5,2,43.2,0
79.5,8.42,3.2,100.0,5.9,0,78.1,2
74.4,6.07,4.0,79.2,6.6,3,67.4,1
63.6,6.39,4.8,100.0,6.7,0,65.9,1
63.3,6.49,4.6,89.1,8.1,1,65.1,1
82.1,7.11,1.8,77.7,6.9,0,68.4,1
92.9,7.59,5.0,94.2,7.0,2,75.0,2
76.1,7.78,3.4,94.3,4.8,1,66.2,1
79.1,7.19,2.0,88.5,5.7,2,75.4,1
86.6,5.6,5.5,38.7,8.1,2,62.4,1
63.4,8.07,5.7,62.3,4.3,2,73.8,1
89.1,7.14,3.9,100.0,8.4,2,72.2,1
90.3,8.59,4.6,57.4,7.4,3,67.3,2
100.0,6.35,4.7,95.9,5.9,1,63.4,1
72.4,5.28,5.6,92.7,5.8,0,51.8,0
71.1,7.16,4.6,66.9,9.1,1,78.9,1
89.5,8.76,1.5,44.1,8.5,1,80.8,2
90.3,7.39,6.5,69.8,6.7,0,77.8,2
70.0,6.96,5.1,100.0,7.0,2,64.0,1
72.0,6.16,2.7,64.5,6.0,1,42.0,0
86.1,9.31,2.0,65.7,7.0,0,85.3,2
65.6,5.96,4.3,62.0,6.0,3,60.3,0
71.8,6.33,3.1,100.0,6.7,2,63.0,1
79.3,7.88,4.0,75.6,9.0,0,76.3,1
92.9,4.97,4.6,68.7,6.7,0,46.2,0
68.9,8.73,2.7,100.0,5.5,2,79.6,1
50.4,7.95,1.8,90.4,5.2,0,66.6,0
49.3,8.28,4.1,63.5,7.0,0,62.4,1
59.1,7.87,2.7,58.0,5.9,4,74.0,0
58.3,7.01,3.7,100.0,7.1,2,61.6,1
75.7,5.92,1.5,80.3,4.9,2,67.0,1
60.2,7.03,3.1,52.1,7.6,3,50.3,0
67.5,6.03,4.6,47.9,5.5,0,61.6,0
66.4,7.78,4.4,59.9,6.9,1,91.1,1
71.4,8.17,2.3,57.7,6.4,1,76.0,1
97.8,8.97,1.7,43.2,8.9,3,84.2,2
87.9,7.65,3.5,60.2,7.0,3,76.4,1
78.2,8.31,4.3,63.5,9.1,0,82.7,1
71.1,6.84,4.1,71.7,7.5,2,62.9,1
71.5,6.63,2.7,100.0,8.5,1,56.3,0
82.9,7.77,3.9,75.2,6.5,1,79.3,1
86.8,6.74,5.8,77.0,7.2,0,50.0,1
64.4,7.52,3.8,89.2,8.3,3,78.6,1
78.5,5.93,1.1,75.7,7.9,0,55.2,0
47.5,6.14,3.8,87.2,7.4,1,60.2,0
81.2,7.96,6.6,85.1,6.4,3,71.5,2
89.4,8.26,1.6,82.2,6.6,5,89.7,2
73.8,6.02,3.5,100.0,8.2,3,61.1,1
100.0,8.0,3.2,96.4,8.4,1,73.5,2
64.8,6.56,3.6,60.5,6.1,1,61.0,0
81.3,7.22,3.8,86.7,5.9,1,68.2,2
77.5,8.9,5.2,65.7,5.7,2,100.0,2
76.5,8.17,3.6,88.0,7.8,0,66.9,2
76.3,8.16,5.4,55.2,5.7,1,86.0,1
79.6,9.49,3.3,60.1,7.8,1,93.2,2
90.7,6.36,3.0,86.2,7.5,4,74.3,1
98.7,6.02,2.5,98.0,6.1,2,64.2,1
78.0,6.33,0.8,89.0,8.7,1,61.9,0
90.2,6.89,3.9,95.4,5.0,2,74.8,1
67.5,4.37,6.6,86.7,8.8,2,47.0,0
89.5,6.95,4.2,83.1,7.2,0,73.1,1
66.6,6.55,4.5,70.9,4.3,4,75.1,0
94.4,8.14,2.9,94.6,8.7,2,77.9,2
100.0,7.62,3.1,98.4,8.0,2,69.4,2
76.2,6.48,5.0,78.9,6.3,0,57.9,1
45.1,7.91,6.5,77.9,5.6,0,78.8,1
69.8,8.07,5.7,100.0,4.9,3,69.6,2
96.5,6.28,4.7,79.6,9.7,3,58.6,0
86.3,6.61,3.6,81.4,5.7,4,56.4,0
81.7,4.53,3.8,88.7,5.3,1,50.6,0
93.1,5.89,2.4,78.2,7.1,4,52.1,0
85.3,6.31,1.3,65.2,4.8,3,51.3,0
96.3,7.29,1.8,86.8,5.6,0,61.1,1
91.8,6.07,3.6,79.3,8.0,2,55.0,1
100.0,6.58,3.1,100.0,7.4,2,60.1,2
83.4,5.73,1.3,94.2,6.3,2,58.7,0
91.6,7.41,3.4,69.3,6.8,0,69.7,2
73.4,7.71,3.0,93.1,6.3,1,76.5,2
69.0,7.68,1.7,85.5,6.7,0,76.9,1
100.0,7.21,2.9,100.0,5.9,2,75.3,1
81.2,5.35,3.0,70.6,6.1,2,38.2,0
90.1,6.46,2.6,83.4,6.1,3,53.9,1
79.9,6.71,4.9,78.2,5.9,3,69.5,1
69.2,6.72,0.6,81.1,8.1,3,66.8,1
78.2,7.29,0.5,64.1,7.7,0,77.8,1
99.5,8.91,3.5,90.4,5.7,2,71.4,2
86.3,8.17,3.6,87.5,5.4,1,73.7,1
52.3,6.01,4.1,100.0,6.6,2,56.8,0
74.8,8.01,2.7,79.8,9.4,0,77.5,2
100.0,7.97,2.1,72.6,5.6,1,76.0,2
74.8,6.23,3.5,94.2,6.6,2,64.7,1
51.0,8.22,2.8,65.7,6.9,1,76.9,1
100.0,7.01,5.8,99.5,6.7,3,78.5,2
88.2,5.51,3.0,99.5,6.3,0,68.3,0
76.9,7.75,3.4,100.0,8.2,1,64.9,1
72.4,7.46,7.2,86.8,7.3,1,71.8,1
94.2,6.93,3.2,71.2,7.8,1,73.3,1
69.9,7.16,4.3,82.0,7.5,1,73.5,1
95.2,6.34,4.5,86.8,7.9,0,58.6,0
86.1,7.93,4.6,69.9,8.7,0,77.5,2
81.7,7.15,3.9,100.0,8.4,0,56.1,1
80.2,7.4,3.8,90.4,9.6,2,70.7,2
75.4,7.63,3.7,63.9,8.3,2,61.2,1
93.7,5.81,2.6,100.0,6.0,1,61.5,0
65.0,6.13,4.0,81.8,7.8,4,51.2,1
53.7,4.55,6.5,60.3,7.7,4,48.0,0
87.2,7.88,5.3,65.1,9.1,0,77.5,1
87.5,5.75,4.0,100.0,5.6,0,57.4,0
85.2,7.36,4.8,100.0,7.5,1,65.5,1
84.1,7.65,2.2,98.2,6.0,2,71.3,2
73.2,7.92,3.1,100.0,7.4,1,84.8,2
89.8,5.76,4.9,100.0,6.5,2,53.5,1
77.3,7.12,5.7,90.0,7.4,4,68.7,1
70.7,9.2,2.3,85.9,5.1,0,81.8,1
73.3,9.26,2.8,89.7,7.8,1,94.8,2
100.0,8.38,6.8,93.2,7.0,2,79.9,2
52.0,7.6,3.6,66.7,7.0,3,66.5,1
85.5,5.99,6.2,93.2,9.1,1,59.0,1
52.8,8.06,3.8,100.0,6.3,2,74.6,1
76.4,7.01,3.9,76.3,7.2,3,78.7,1
71.5,7.87,3.0,74.4,6.9,2,74.6,1
46.7,6.44,4.9,88.6,7.0,0,51.7,0
83.8,6.99,5.5,68.3,9.5,4,71.4,1
72.3,7.4,1.9,56.3,6.9,2,85.2,1
46.5,7.5,3.0,100.0,6.1,2,81.3,1
90.6,7.79,4.9,71.9,9.0,3,65.4,2
99.5,6.5,3.3,80.3,6.4,0,61.1,1
100.0,5.59,2.8,69.0,4.9,2,55.3,0
83.4,9.15,5.0,100.0,5.9,1,85.6,2
78.7,10.0,5.2,95.4,5.3,2,96.0,2
97.9,7.74,2.8,75.7,4.6,2,71.0,2
100.0,5.61,3.8,58.8,6.4,1,48.4,0
95.0,6.27,1.7,73.8,6.7,0,68.9,1
63.9,7.81,2.2,90.3,8.2,2,65.4,1
81.0,8.81,3.7,83.4,7.6,2,76.5,2
84.6,5.74,3.5,82.0,7.5,3,47.8,0
50.9,7.05,2.0,83.8,5.7,1,72.8,0
85.0,7.44,2.4,93.7,7.9,2,72.1,1
100.0,8.24,1.9,79.2,8.5,2,85.1,2
87.6,6.79,4.2,88.1,7.3,0,59.4,1
100.0,5.32,0.5,62.2,7.3,1,43.2,0
80.7,7.95,2.0,100.0,5.3,0,72.0,1
76.9,8.55,0.7,74.9,8.1,0,79.2,2
83.7,7.1,4.1,83.7,8.9,2,70.0,1
65.8,7.69,0.8,90.2,7.2,1,59.9,1
63.5,6.63,3.5,72.6,6.1,0,68.2,0
97.0,6.19,6.0,80.1,6.6,3,53.4,1
98.6,8.43,6.0,79.9,6.3,1,74.5,2
63.1,7.66,0.8,63.5,6.4,2,82.5,1
92.5,7.79,3.9,87.9,7.6,0,56.7,2
76.7,9.0,2.0,50.3,7.1,2,87.1,2
83.1,5.93,1.7,100.0,8.0,0,61.0,0
84.9,6.54,3.3,94.3,7.2,1,57.0,1
92.9,7.39,5.3,91.5,5.8,1,67.2,1
79.2,6.52,4.4,48.7,6.2,0,73.2,0
99.2,8.14,2.4,65.7,6.1,1,92.9,2
82.6,6.98,4.6,100.0,6.6,1,75.8,1
87.4,6.01,0.1,100.0,9.0,1,74.2,0
65.5,7.28,2.4,100.0,9.1,1,64.3,1
100.0,7.4,2.3,98.7,7.8,1,58.3,1
85.0,8.32,3.6,89.4,6.9,2,78.3,1
88.7,7.67,3.2,64.7,5.2,0,79.6,1
53.9,7.75,3.3,97.9,7.1,0,59.1,0
65.7,7.58,3.2,60.2,5.9,1,65.1,1
96.6,6.97,3.5,58.2,8.8,3,60.8,1
82.3,6.34,4.3,57.1,4.9,0,64.7,0
49.3,7.55,3.7,97.6,7.3,0,74.0,1
93.6,6.8,3.1,79.0,5.8,0,59.6,1
69.8,9.23,4.1,81.8,6.8,1,87.9,2
99.2,8.81,4.7,79.7,7.6,0,73.7,2
76.7,7.96,2.7,59.7,8.0,0,72.2,0
81.1,7.65,3.4,67.9,6.7,1,62.9,2
95.7,7.09,5.2,68.8,7.7,2,67.1,1
64.5,5.69,1.8,54.7,6.0,2,49.9,0
63.1,6.94,6.2,70.9,7.1,1,72.5,1
75.1,7.32,1.5,60.5,8.0,1,70.0,0
90.4,7.48,3.0,90.4,7.2,4,69.7,2
58.0,7.76,2.1,91.9,6.2,2,88.1,1
53.0,8.31,6.8,56.7,6.5,1,81.7,2
90.4,6.37,2.7,74.7,8.0,0,59.2,1
69.0,6.38,2.7,100.0,5.5,1,57.6,0
72.1,8.94,2.9,62.3,5.7,1,74.5,1
50.1,8.13,3.6,87.7,7.5,1,76.5,1
67.8,6.73,3.0,81.9,6.3,0,67.7,0
77.9,7.07,3.3,99.7,5.1,3,52.8,1
92.0,7.08,0.0,85.3,8.4,1,57.2,1
66.4,7.24,3.6,72.2,5.5,3,65.4,0
100.0,7.77,3.5,81.2,6.6,2,65.2,1
67.7,10.0,5.1,81.5,6.1,3,93.3,2
67.8,7.43,5.5,78.3,6.4,2,72.6,1
100.0,8.0,3.2,56.3,5.7,1,75.0,1
81.2,5.18,4.7,100.0,7.7,1,56.4,0
69.7,6.62,1.8,99.2,6.9,1,59.6,1
75.7,8.67,4.7,61.2,8.0,3,81.4,2
98.3,7.68,2.6,74.6,6.1,1,65.3,1
100.0,4.0,1.7,75.9,9.4,1,44.3,0
65.7,8.01,3.2,59.2,4.5,4,76.7,1
77.4,9.5,5.6,46.4,4.9,1,79.2,2
79.4,4.8,3.8,67.9,8.9,0,47.6,0
63.2,9.02,5.7,73.6,7.4,4,84.4,2
77.2,4.0,2.4,54.1,7.2,0,44.2,0
78.1,8.33,5.1,83.2,7.3,1,81.3,2
95.1,7.19,2.5,100.0,7.5,3,63.3,2
96.1,4.38,3.8,95.2,7.2,5,51.3,1
73.1,7.74,3.8,77.7,5.6,2,77.9,1
74.8,8.58,4.5,46.9,7.8,1,75.1,1
88.0,7.64,3.9,92.9,7.6,0,63.8,2
69.2,7.9,2.4,82.6,8.5,0,70.0,1
86.8,6.71,4.8,87.6,8.9,4,53.2,0
76.7,4.97,6.1,100.0,7.2,2,51.9,1
63.5,8.03,2.6,65.2,5.3,2,85.7,2
63.6,9.3,0.7,28.3,8.9,1,98.4,1
99.7,8.56,4.2,61.0,5.6,2,72.0,2
75.7,4.81,3.0,88.7,7.2,2,55.2,0
100.0,5.38,3.3,80.5,6.5,3,54.4,0
70.3,6.18,4.3,58.1,6.3,0,41.4,0
82.4,5.29,2.8,54.4,7.7,1,50.3,0
100.0,7.25,3.1,73.6,7.1,1,66.1,1
62.1,7.67,3.3,57.6,7.4,4,82.9,1
49.5,5.48,5.7,89.4,5.8,1,47.6,0
97.3,8.13,3.5,72.6,6.6,1,81.6,2
65.6,7.92,1.6,68.7,5.9,0,74.5,1
77.7,6.54,1.7,66.4,6.6,1,52.0,0
69.2,6.99,3.7,84.7,6.7,3,63.0,1
82.0,4.86,1.8,80.8,9.0,0,61.6,0
63.7,6.8,1.2,83.6,6.5,0,64.4,1
75.3,7.21,4.5,83.2,4.2,0,76.5,0
84.7,7.4,4.5,78.7,8.5,1,77.7,2
62.9,7.65,2.9,61.4,7.3,2,69.5,1
67.5,7.49,3.9,66.9,6.6,2,61.4,0
72.8,6.88,3.8,72.9,6.3,2,57.3,1
56.6,7.54,4.4,100.0,5.7,0,83.7,2
71.7,8.4,4.4,55.7,9.1,4,80.6,1
79.8,7.09,0.0,72.5,6.9,2,54.4,0
72.0,7.58,3.1,81.8,4.7,0,79.1,1
73.9,6.98,4.3,74.5,7.2,1,53.0,1
77.7,6.42,2.9,99.3,8.2,1,56.0,0
68.2,7.83,3.6,74.4,7.0,1,75.2,1
88.4,6.53,4.6,75.8,5.7,1,83.7,2
99.5,7.66,3.6,94.7,5.6,1,79.7,2
71.0,7.23,5.8,100.0,5.7,4,65.6,1
85.3,6.84,5.2,100.0,8.6,1,66.3,1
74.4,6.81,3.3,77.5,6.7,0,73.2,1
83.5,6.59,3.2,79.1,4.8,0,75.4,0
100.0,5.23,0.0,80.8,7.3,1,50.4,0
85.6,7.66,3.0,82.6,7.0,0,71.4,1
51.4,7.48,1.5,64.7,6.3,4,64.9,1
84.8,8.22,3.8,96.9,5.6,1,83.2,1
96.5,6.56,3.7,83.7,5.5,1,72.0,1
74.7,9.47,4.5,79.2,8.1,1,73.0,2
92.9,6.74,5.6,57.1,7.1,1,62.2,1
67.6,6.15,3.5,81.1,7.4,0,50.6,0
55.7,6.01,6.9,45.9,7.1,0,60.3,0
80.1,5.12,3.8,69.5,7.2,0,41.6,0
51.7,9.04,1.5,69.9,6.2,2,74.3,1
74.4,8.85,2.7,85.2,6.6,0,92.2,2
97.3,7.92,2.9,100.0,8.2,3,74.0,2
49.4,6.12,4.4,90.3,8.5,1,59.6,1
58.8,9.37,2.1,100.0,5.3,3,91.1,2
62.5,6.78,3.1,91.6,6.6,1,73.4,1
77.1,6.88,3.3,100.0,7.8,1,63.1,1
72.5,8.92,2.8,100.0,9.1,1,80.7,2
99.0,7.99,4.7,66.8,8.9,2,72.8,2
92.3,9.84,4.5,65.7,5.8,1,100.0,2
85.4,7.5,5.2,92.0,8.3,1,71.2,2
80.2,6.72,3.0,79.9,6.9,0,62.8,1
83.9,6.47,5.3,84.0,8.1,0,66.1,1
65.1,4.98,1.5,75.5,7.7,1,65.0,0
90.9,6.87,1.4,69.3,5.3,0,67.0,1
61.3,8.57,1.7,100.0,7.5,1,78.7,2
90.5,7.92,3.5,60.2,8.0,4,90.9,1
95.8,7.22,5.3,92.4,6.8,1,80.0,2
81.2,6.01,2.6,89.4,6.5,1,68.5,0
75.4,7.47,2.8,51.6,4.9,1,67.5,1
84.0,8.42,3.2,65.0,7.6,2,74.7,2
35.1,7.72,4.4,68.1,7.1,0,58.9,0
82.5,7.4,2.8,90.2,5.7,1,78.6,1
76.3,6.24,2.7,73.4,6.4,0,61.7,0
77.2,8.24,1.5,78.5,7.0,2,63.6,2
88.6,4.0,2.6,53.8,6.1,4,51.6,0
76.9,7.66,5.3,100.0,6.8,2,70.4,2
60.9,10.0,3.6,81.3,4.7,0,91.3,2
75.9,5.39,2.4,89.0,8.4,0,41.7,0
79.0,6.91,5.4,70.3,6.8,4,70.7,1
79.7,7.19,2.6,68.3,5.5,2,73.1,0
80.4,6.64,5.6,100.0,3.8,1,64.1,0
93.6,8.44,5.6,45.5,8.0,0,76.4,2
61.7,7.77,3.6,85.0,7.5,0,95.0,2
80.6,7.38,1.3,58.2,7.1,1,61.1,0
97.3,8.16,6.9,72.7,7.8,0,71.6,2
52.0,7.22,4.1,68.5,7.8,3,75.0,1
80.7,10.0,3.0,62.3,7.0,5,84.9,2
69.2,7.38,4.9,80.6,6.5,2,62.0,1
72.4,7.43,4.6,33.8,6.3,0,80.2,1
64.4,5.15,5.5,74.3,7.3,1,56.6,0
75.5,6.55,2.5,78.4,8.5,1,67.5,0
100.0,8.58,4.0,55.5,6.7,1,82.4,2
59.0,5.6,1.7,100.0,8.6,3,50.0,0
60.5,4.61,4.5,69.3,7.2,2,45.2,0
58.5,7.24,3.5,75.7,7.3,0,68.9,0
100.0,8.84,3.9,69.3,9.7,2,90.0,2
71.1,7.25,3.3,78.5,8.8,0,73.0,1
77.6,6.8,3.1,100.0,8.8,6,58.3,0
72.0,4.97,2.2,100.0,5.8,1,56.6,0
63.8,7.74,4.7,93.4,9.4,2,60.4,1
74.5,7.99,5.7,99.6,6.7,2,73.4,2
100.0,5.06,2.7,100.0,6.5,1,41.9,0
98.9,8.56,4.3,84.5,4.2,5,73.9,2
65.2,8.12,4.1,100.0,7.2,1,92.4,2
87.7,8.56,3.5,94.3,5.5,2,69.0,2
65.5,7.9,1.2,82.6,7.3,1,68.6,1
51.4,7.98,1.5,86.3,5.4,1,80.0,0
93.3,7.82,2.3,47.2,9.0,1,70.8,1
95.4,8.24,0.3,85.3,7.5,1,79.3,2
93.7,5.02,5.6,52.2,9.5,1,62.1,0
71.0,5.4,4.1,50.7,5.6,5,59.1,0
75.5,6.32,3.5,83.5,8.7,1,57.9,1
89.2,7.04,0.2,59.9,4.6,3,66.8,0
83.9,7.67,0.8,79.9,7.0,2,77.4,2
72.1,7.59,3.5,82.5,6.0,2,77.6,2
53.7,8.54,6.5,83.3,6.3,2,80.8,2
79.7,8.58,2.5,63.7,6.2,1,83.8,2
94.2,6.15,4.8,96.2,5.7,2,63.2,1
60.0,7.49,2.8,78.4,5.3,0,70.9,0
87.6,6.18,3.6,87.9,6.3,1,55.7,1
83.0,6.97,5.3,58.5,6.9,1,73.2,1
89.3,7.59,3.0,76.8,8.2,2,74.8,1
91.1,4.0,2.5,99.8,7.2,2,25.4,0
67.6,10.0,5.6,97.5,8.2,3,86.4,2
53.7,7.88,3.6,65.6,5.0,2,71.1,1
70.0,6.49,5.1,70.2,6.3,2,61.5,0
91.3,9.51,2.5,62.2,7.7,1,98.5,2
69.9,6.78,5.6,68.2,7.2,1,91.3,1
67.6,7.36,3.9,54.8,5.8,3,50.9,0
50.7,6.62,4.2,77.5,7.9,2,66.7,0
100.0,9.18,3.7,91.4,6.2,2,86.6,2
90.4,7.07,2.7,65.9,5.9,2,66.7,1
89.5,7.38,3.5,78.4,7.4,1,75.1,2
92.5,8.64,2.8,76.0,6.8,3,82.7,2
86.7,7.9,4.9,99.0,6.2,2,72.3,2
74.3,7.13,3.2,69.0,6.1,0,68.9,0
75.5,8.53,1.3,69.6,5.5,0,85.0,2
71.6,10.0,1.0,64.8,6.3,2,96.7,2
100.0,7.58,0.9,59.5,8.1,5,73.9,1
86.3,7.34,4.4,89.5,7.1,4,65.7,1
71.0,7.4,1.8,77.6,8.0,1,93.5,1
85.0,8.77,4.0,81.0,7.4,1,85.4,2
62.8,6.48,3.7,100.0,6.1,0,69.2,0
100.0,6.87,3.4,100.0,4.8,1,62.3,2
68.1,5.36,4.2,50.4,5.7,3,55.0,0
85.5,5.78,3.7,91.7,6.0,1,58.6,0
94.0,6.58,0.0,84.1,5.9,1,48.6,0
83.8,7.13,3.0,71.7,8.0,1,62.9,1
79.4,9.32,4.1,85.9,8.0,1,81.4,2
78.2,7.84,6.0,48.9,9.5,1,69.9,1
77.2,6.11,6.0,100.0,5.9,1,51.3,0
69.3,6.33,1.5,89.3,8.7,1,62.1,0
71.3,8.85,3.0,64.4,8.7,3,94.4,2
100.0,8.55,1.2,69.5,6.5,1,81.7,2
76.4,7.23,5.8,49.3,7.4,2,60.0,1
66.2,6.67,5.0,74.3,8.3,0,56.4,0
70.3,8.55,4.0,71.3,6.7,1,77.7,2
94.5,6.01,3.7,56.1,6.6,1,47.7,0
88.1,7.67,5.6,94.0,6.0,0,75.6,1
86.4,9.93,5.3,100.0,4.0,2,100.0,2
74.1,7.45,5.2,79.5,6.9,1,66.7,1
86.6,6.27,4.2,74.5,5.9,2,61.9,0
68.3,7.69,3.0,87.8,5.5,3,70.0,1
74.1,6.64,4.7,79.6,7.3,0,59.4,1
92.5,5.53,4.7,60.5,5.1,4,56.5,0
91.1,8.04,3.2,68.3,7.8,4,71.0,2
63.3,8.54,3.0,74.7,7.4,2,74.1,2
65.2,6.83,5.2,84.5,6.3,1,53.1,1
79.6,6.75,6.0,80.2,6.7,0,65.9,1
100.0,6.05,2.4,83.8,5.4,2,67.9,1
49.3,7.02,3.1,52.6,7.7,4,73.3,0
82.2,6.53,4.0,92.0,7.0,3,75.4,2
57.4,5.99,4.2,80.1,7.1,1,53.5,0
68.5,9.47,2.7,100.0,7.4,1,95.3,2
72.5,7.76,6.3,73.0,6.0,1,65.1,2
71.7,7.89,4.1,85.8,5.0,2,80.7,1
70.0,8.26,4.3,100.0,7.9,3,91.4,2
78.1,8.13,6.1,83.5,7.6,0,81.1,2
70.0,6.7,2.8,78.8,6.2,0,78.3,0
56.1,7.53,3.4,62.2,7.3,3,67.2,0
89.7,6.88,1.6,100.0,8.3,3,65.4,1
89.3,7.73,3.2,59.1,8.2,2,66.3,1
90.6,7.61,1.3,87.7,6.1,2,73.0,1
54.9,6.74,4.6,71.5,5.0,1,67.5,0
82.5,5.6,4.1,76.6,5.2,1,55.8,0
88.1,7.38,3.1,54.4,6.4,4,66.9,1
62.5,6.95,3.3,100.0,8.6,1,63.2,1
78.1,4.93,4.6,75.0,5.9,1,52.7,0
76.3,7.81,1.8,58.1,6.1,4,73.1,1
100.0,8.36,3.8,100.0,6.1,1,69.8,2
100.0,10.0,4.5,70.9,6.2,1,77.8,2
53.0,6.73,0.8,86.0,6.8,1,60.4,0
100.0,6.55,4.5,95.1,5.3,2,52.6,1
64.3,5.87,1.0,88.5,8.1,1,51.2,0
92.7,7.45,3.3,40.5,6.6,2,67.9,1
92.6,7.44,1.8,92.5,9.8,2,70.1,1
63.1,6.23,5.6,78.2,5.4,1,55.6,0
85.4,6.99,1.8,74.1,8.7,3,84.9,1
76.4,4.83,1.0,78.0,8.5,3,38.9,0
86.3,8.31,3.7,51.0,6.3,1,88.3,2
81.5,6.28,2.9,83.5,6.3,1,60.0,0
95.9,7.16,1.2,55.4,5.7,2,63.6,1
79.1,5.49,4.3,74.9,5.7,0,59.3,1
75.5,6.5,0.5,82.8,6.8,4,59.6,0
94.4,6.86,1.9,99.3,6.8,2,59.9,2
86.7,7.19,2.6,65.2,4.9,1,83.4,1
89.0,7.78,4.7,100.0,9.6,2,56.5,2
68.0,8.93,5.4,97.0,6.5,1,81.9,2
62.3,8.08,5.2,72.3,6.9,3,78.2,1
69.5,8.35,3.3,60.0,6.0,1,90.3,2
68.7,8.94,0.0,54.0,6.5,0,80.8,1
89.8,7.88,4.1,84.9,6.4,2,96.3,2
92.6,7.16,5.7,66.7,6.8,0,74.9,2
75.7,8.41,5.4,100.0,6.8,0,60.6,2
99.5,8.49,4.2,67.8,7.8,1,68.5,2
98.5,7.98,1.7,63.8,7.1,1,77.7,2
81.7,5.45,2.7,84.2,7.6,1,45.2,0
65.7,6.19,6.4,67.7,6.8,2,65.0,0
100.0,6.87,1.4,80.2,7.1,1,62.8,1
77.1,8.14,1.8,97.7,6.5,1,67.6,1
79.9,7.17,4.9,82.1,8.0,1,61.3,1
72.9,8.56,2.9,82.2,7.2,3,87.6,2
64.7,8.78,1.7,83.7,6.6,4,66.4,1
56.0,8.64,5.8,49.5,6.6,1,89.8,2
87.5,8.65,4.2,87.1,6.7,2,90.1,2
66.2,5.96,2.9,82.9,6.8,3,56.0,0
100.0,7.78,1.8,96.1,6.7,1,62.9,1
61.7,6.47,6.6,90.9,6.1,4,67.5,1
59.1,5.22,3.5,76.4,7.7,0,48.5,0
85.7,6.86,5.6,98.6,7.8,3,54.1,2
100.0,8.79,4.8,74.7,8.9,1,98.0,2
79.0,7.75,2.7,84.4,6.1,1,66.8,1
86.6,9.62,2.7,74.4,7.6,1,78.0,2
50.3,7.41,5.7,88.3,4.5,1,73.3,0
67.8,10.0,5.7,73.2,7.8,2,92.5,2
61.9,7.41,0.7,100.0,5.1,2,82.9,1
49.6,7.23,4.3,100.0,5.6,0,66.4,1
79.8,5.66,3.3,95.7,7.2,2,53.2,0
44.4,8.53,2.0,100.0,6.1,1,83.2,1
58.2,6.6,3.9,52.3,5.9,4,65.7,0
69.9,6.42,1.5,54.4,6.2,2,64.4,0
65.5,8.74,2.8,74.2,7.7,0,84.4,2
83.9,8.59,2.3,80.7,5.7,0,82.3,2
82.6,8.56,2.8,76.4,6.7,2,77.4,2
91.4,6.77,3.4,50.4,6.3,0,72.2,1
89.3,7.14,2.0,100.0,7.8,4,65.8,1
95.1,7.13,5.9,100.0,7.8,0,75.0,2
78.0,8.14,4.2,100.0,4.6,1,88.3,2
82.6,9.06,6.2,99.5,8.1,1,79.6,2
85.7,7.64,3.3,84.1,6.1,2,92.2,2
80.1,9.57,2.7,64.8,7.1,2,83.6,2
72.0,8.28,6.1,81.3,5.7,1,72.7,2
73.0,6.92,2.6,100.0,7.2,1,71.1,1
65.7,8.19,3.2,73.7,9.9,3,81.2,1
84.3,9.25,4.6,71.8,7.0,2,87.2,2
76.6,9.6,1.6,99.9,6.2,0,96.1,2
68.1,8.62,4.6,100.0,6.5,1,83.3,2
68.1,7.23,4.4,64.7,5.0,2,86.0,1
59.8,6.94,5.4,75.3,8.5,1,66.6,1
92.7,7.89,4.8,71.0,7.2,0,68.2,2
79.2,9.21,5.4,81.3,5.5,1,81.9,2
65.1,7.72,3.3,99.9,5.6,4,77.4,1
90.1,7.75,2.2,65.5,6.8,2,77.7,2
69.6,7.26,6.7,99.6,7.9,0,71.4,1
56.9,6.81,1.2,81.8,5.4,2,59.1,1
93.3,7.01,1.4,100.0,8.1,1,76.4,1
69.9,7.36,4.3,85.7,6.7,1,86.1,2
71.9,9.26,5.9,78.3,5.7,2,87.0,2
78.6,6.91,3.8,90.3,6.2,4,81.2,2
95.1,7.26,5.0,73.9,8.9,4,76.7,1
78.3,6.16,0.5,47.7,5.1,1,78.1,0
60.0,8.06,2.8,75.7,5.9,1,80.3,1
86.2,8.84,0.7,75.4,7.9,1,84.2,2
70.7,9.15,4.7,51.3,7.1,2,92.5,2
100.0,7.44,1.2,78.7,5.9,1,67.8,0
78.0,7.89,1.6,42.8,8.0,0,78.3,1
44.5,7.02,4.3,73.7,8.0,1,78.3,1
83.4,7.83,5.1,84.4,7.2,1,81.1,2
100.0,7.58,3.3,81.7,6.1,1,72.2,2
100.0,7.27,4.4,72.6,6.3,3,71.4,1
100.0,7.37,4.3,78.5,7.1,0,76.7,2
62.7,7.74,3.2,65.9,5.2,1,79.6,1
91.7,6.85,1.9,80.2,8.4,0,72.2,1
67.2,6.91,4.3,81.0,8.8,2,69.4,0
81.4,9.25,4.4,63.8,6.5,1,80.0,2
58.9,10.0,4.8,84.8,7.2,2,87.7,2
68.3,5.75,4.0,84.7,8.2,0,60.6,0
67.9,5.69,1.7,77.0,9.1,3,63.0,0
91.5,6.05,4.5,100.0,8.7,3,65.1,1
90.0,7.08,3.5,77.5,4.7,3,62.7,1
82.2,8.27,2.8,75.0,6.4,2,77.1,2
57.7,7.91,3.1,72.4,7.4,1,65.8,1
73.3,7.41,2.5,62.5,6.2,2,59.8,1
66.8,7.83,4.8,92.3,8.9,2,75.2,2
91.0,6.37,1.4,67.6,8.8,1,73.0,0
95.7,6.91,2.0,69.8,5.8,2,67.5,2
93.8,7.18,3.0,70.3,6.6,2,84.3,2
66.7,5.3,5.9,62.3,5.9,1,51.7,0
36.9,5.81,5.1,48.5,6.6,0,57.6,0
51.5,5.85,1.0,71.7,6.5,1,49.8,0
99.3,8.12,5.5,95.7,7.9,4,74.2,2
72.0,7.49,5.5,83.5,5.7,4,62.2,2
66.7,7.93,1.7,100.0,3.7,1,63.1,2
100.0,4.99,0.0,93.5,4.9,1,41.1,0
97.0,5.42,3.4,89.4,5.6,1,54.7,0
78.4,8.0,5.2,100.0,6.0,2,70.1,2
73.6,4.0,5.9,78.3,7.0,3,38.0,0
76.0,8.67,2.2,81.1,5.5,1,85.0,1
81.4,5.01,6.1,79.8,5.3,5,38.2,0
100.0,8.21,0.2,100.0,5.7,3,78.5,2
84.3,6.13,2.9,80.0,5.5,0,66.9,0
88.9,8.46,2.9,68.3,6.1,0,87.4,2
95.5,10.0,5.2,90.6,6.1,2,97.1,2
60.5,4.47,5.4,65.3,7.6,2,45.6,0
89.3,8.03,4.9,89.6,5.6,0,71.3,1
73.6,5.03,1.5,87.4,6.4,1,50.1,0
40.3,7.71,4.8,76.6,6.1,0,86.8,1
46.1,6.95,4.3,90.2,7.8,2,69.3,1
62.7,7.36,1.0,53.2,6.6,0,69.7,0
86.0,6.11,0.4,82.9,8.1,2,64.4,1
79.7,8.14,5.1,71.7,5.4,1,77.6,1
80.8,5.46,3.2,100.0,6.7,0,56.2,0
100.0,8.69,1.6,82.8,6.1,0,79.9,1
59.0,6.71,3.2,69.3,5.3,1,61.7,0
77.6,5.52,4.0,55.2,6.7,1,62.9,0
82.6,9.11,3.4,100.0,8.9,2,69.9,2
67.0,7.12,1.2,73.7,5.8,2,72.3,0
78.4,9.49,6.3,65.8,6.6,1,84.8,2
54.0,8.67,5.0,86.1,5.2,1,66.4,1
99.1,6.24,3.0,91.7,5.0,2,53.3,0
67.8,7.1,3.1,91.4,5.9,1,68.0,1
100.0,7.35,4.0,80.4,6.3,0,71.2,1
77.5,9.03,1.8,82.9,6.3,0,90.7,2
93.4,7.73,4.0,84.2,6.5,1,80.1,2
77.2,7.41,1.5,86.1,4.8,3,58.6,1
77.5,6.96,3.4,87.6,6.0,0,70.2,1
69.2,7.14,1.7,99.7,7.4,2,74.5,1
79.8,8.77,1.8,81.0,5.2,0,84.3,2
82.8,7.2,6.0,65.3,6.4,3,73.3,1
66.2,6.73,3.6,77.4,7.2,1,49.7,1
76.1,6.52,3.8,93.6,5.9,0,55.5,0
68.8,6.54,0.5,47.8,7.2,1,74.5,0
100.0,5.52,2.6,47.9,5.0,0,52.7,0
76.7,6.3,4.2,96.5,7.9,0,79.3,1
100.0,9.0,3.8,100.0,7.2,0,74.3,2
75.1,6.95,0.3,57.2,6.9,2,79.6,1
81.9,8.05,3.8,81.8,8.1,2,71.5,1
58.2,4.23,4.0,72.8,6.4,6,50.8,0
71.3,7.88,5.4,75.3,6.1,1,72.6,2
81.2,7.01,2.5,85.5,8.4,2,68.5,1
100.0,6.62,0.1,56.7,9.0,0,69.1,0
81.3,7.42,2.0,60.1,6.0,1,66.1,1
98.8,6.61,1.9,74.6,6.7,1,70.6,1
87.6,4.65,4.6,77.4,8.1,2,45.4,0
100.0,8.31,0.0,59.7,6.7,1,80.0,2
77.1,7.49,2.8,94.2,7.5,2,50.5,1
100.0,6.82,5.6,72.5,7.7,2,63.3,2
70.7,6.04,3.5,72.4,6.1,1,69.5,0
66.5,5.44,4.8,85.1,7.3,0,59.8,1
59.8,7.47,1.0,77.7,6.8,6,78.6,0
100.0,9.14,1.1,95.1,5.3,0,86.1,2
90.3,7.44,5.7,63.2,5.6,1,84.7,2
73.0,5.54,3.7,54.8,6.0,1,57.4,0
